,,,,,,,,,
,JBone,Justin Rose,Matt Kuchar,Shubhankar Sharma,Louis Oosthuizen,Paul Casey,Tiger Woods,Marc Leishman,Charley Hoffman
,Better than Most,Xander Schauffele,Phil Mickelson,Justin Rose,Tiger Woods,Kiradech Aphibarnrat,Brian Harman,Charley Hoffman,Adam Scott
,Better than Most 2,Xander Schauffele,Jordan Spieth,Rory McIlroy,Dustin Johnson,Russell Henley,Matt Kuchar,Kiradech Aphibarnrat,Zach Johnson
,Uncle T,Bubba Watson,Rory McIlroy,Tiger Woods,Cameron Smith,Kiradech Aphibarnrat,Matt Kuchar,Kevin Chappell,Shubhankar Sharma
,Better than Most 3,Wesley Bryan,Adam Hadwin,Rickie Fowler,Bubba Watson,Bryson DeChambeau,Zach Johnson,Hideki Matsuyama,Charl Schwartzel
,Reiss 1,Bubba Watson,Rory McIlroy,Jordan Spieth,Daniel Berger,Matt Kuchar,Patrick Reed,Louis Oosthuizen,Joaquin Niemann
,Reiss 2,Sergio Garcia,Dustin Johnson,Alex Noren,Tony Finau,Matt Kuchar,Ian Poulter,Adam Hadwin,Adam Scott
,Anthony Benanti,Bubba Watson,Rory McIlroy,Tiger Woods,Matt Kuchar,Angel Cabrera,Jason Dufner,Patrick Reed,Dylan Frittelli
,EZ $$,Justin Thomas,Phil Mickelson,Rory McIlroy,Matt Parziale,Branden Grace,Charley Hoffman,Matt Kuchar,Thomas Pieters
,Team Eckenrode,Justin Thomas,Jordan Spieth,Rickie Fowler,Xander Schauffele,Matt Kuchar,Charley Hoffman,Adam Scott,Kevin Kisner
,Nicocapetola,Charley Hoffman,Marc Leishman,Kevin Kisner,Kevin Chappell,Justin Thomas,Rory McIlroy,Rickie Fowler,Xander Schauffele
,Sween Team,Matt Kuchar,Angel Cabrera,Justin Thomas,Charley Hoffman,Tony Finau,Phil Mickelson,Patrick Reed,Jordan Spieth
,Mandus1,Tiger Woods,Justin Thomas,Phil Mickelson,Matt Kuchar,Charley Hoffman,Shubhankar Sharma,Zach Johnson,Adam Scott
,Better Than Brooks,Jason Day,Sergio Garcia,Hideki Matsuyama,Tony Finau,Adam Scott,Jason Dufner,Si Woo Kim,Kyle Stanley
,Papayanakos,Jordan Spieth,Dustin Johnson,Tommy Fleetwood,Kevin Chappell,Charl Schwartzel,Gary Woodland,Adam Scott,Dylan Frittelli
,Dilly Dilly,Tiger Woods,Rory McIlroy,Justin Rose,Tony Finau,Matt Kuchar,Louis Oosthuizen,Marc Leishman,Daniel Berger
,NPappy,Jason Day,Jon Rahm,Rickie Fowler,Zach Johnson,Pat Perez,Charley Hoffman,Matthew Fitzpatrick,Doc Redman
,Igotatigerwoody,Satoshi Kodaira,Phil Mickelson,Sergio Garcia,Adam Scott,Patrick Reed,Henrik Stenson,Kevin Chappell,Si Woo Kim
,Igotatigerwoody,Tiger Woods,Dustin Johnson,Jason Day,Daniel Berger,Austin Cook,Ross Fisher,Dylan Frittelli,Brian Harman
,Push Cart Mafia 1,Jordan Spieth,Tiger Woods,Matt Kuchar,Xander Schauffele,Thomas Pieters,Patrick Reed,Justin Thomas,Tony Finau
,Push Cart Mafia - 2,Dustin Johnson,Rory McIlroy,Jordan Spieth,Jhonattan Vegas,Charley Hoffman,Marc Leishman,Jason Dufner,Xander Schauffele
,JSack105,Tony Finau,Matt Kuchar,Tyrrell Hatton,Justin Thomas,Rory McIlroy,Justin Rose,Charl Schwartzel,Gary Woodland
,JSack105x2,Tony Finau,Jordan Spieth,Henrik Stenson,Justin Rose,Daniel Berger,Tyrrell Hatton,Adam Hadwin,Matt Kuchar
,TBlev316,Jordan Spieth,Bubba Watson,Rory McIlroy,Xander Schauffele,Bryson DeChambeau,Matt Kuchar,Adam Scott,Adam Hadwin
,Gino's Team,Jordan Spieth,Justin Thomas,Phil Mickelson,Brian Harman,Patrick Reed,Matt Kuchar,Bryson DeChambeau,Tony Finau
,Pappys Pix,Jordan Spieth,Bubba Watson,Dustin Johnson,Charley Hoffman,Xander Schauffele,Kevin Kisner,Matt Kuchar,Patrick Reed
,Coming up Azaleas,Phil Mickelson,Jordan Spieth,Rory McIlroy,Patrick Cantlay,Adam Scott,Bryson DeChambeau,Patton Kizzire,Pat Perez
,DukeDad15,Rickie Fowler,Tony Finau,Tiger Woods,Sergio Garcia,Bryson DeChambeau,Russell Henley,Matt Kuchar,Thomas Pieters
,Marty Fishman's Ladz,Jon Rahm,Jordan Spieth,Tiger Woods,Matt Kuchar,Adam Scott,Bryson DeChambeau,Patrick Reed,Tony Finau
,Bear it all ,Tony Finau,Justin Thomas,Tiger Woods,Jordan Spieth,Patrick Cantlay,Bryson DeChambeau,Adam Scott,Louis Oosthuizen
,TBlev316 2,Justin Thomas,Dustin Johnson,Jordan Spieth,Xander Schauffele,Adam Scott,Matt Kuchar,Kevin Chappell,Bryson DeChambeau
,DillyDilly,Rickie Fowler,Justin Rose,Alex Noren,Daniel Berger,Xander Schauffele,Matt Kuchar,Charl Schwartzel,Thomas Pieters
,Dilly Dilly 2,Paul Casey,Jason Day,Phil Mickelson,Xander Schauffele,Matt Kuchar,Branden Grace,Charley Hoffman,Adam Scott
,JD's Picks,Rory McIlroy,Jordan Spieth,Justin Thomas,Matt Kuchar,Tony Finau,Daniel Berger,Patrick Reed,Bryson DeChambeau
,Green Team,Tiger Woods,Patton Kizzire,Jon Rahm,Justin Thomas,Patrick Reed,Matt Kuchar,Russell Henley,Kevin Kisner
,Go Low,Justin Thomas,Hideki Matsuyama,Rory McIlroy,Tony Finau,Ian Poulter,Adam Scott,Matt Kuchar,Russell Henley
,The Candeeman Can,Justin Thomas,Dustin Johnson,Justin Rose,Patton Kizzire,Matt Kuchar,Louis Oosthuizen,Bryson DeChambeau,Patrick Reed
,Pritchard - 1,Rory McIlroy,Tiger Woods,Charley Hoffman,Matt Kuchar,Ian Poulter,Dustin Johnson,Charl Schwartzel,Xander Schauffele
,glaswell13,Jordan Spieth,Justin Thomas,Bubba Watson,Matt Kuchar,Bryson DeChambeau,Xander Schauffele,Patrick Cantlay,Kevin Chappell
,chunky soup all stars123,Phil Mickelson,Henrik Stenson,Dustin Johnson,Xander Schauffele,Bryson DeChambeau,Danny Willett,Jimmy Walker,Matt Kuchar
,Stillwagon 1,Patton Kizzire,Rory McIlroy,Justin Rose,Tiger Woods,Chez Reavie,Patrick Reed,Tyrrell Hatton,Daniel Berger
,walker,Justin Thomas,Phil Mickelson,Rory McIlroy,Patrick Reed,Adam Scott,Matt Kuchar,Charley Hoffman,Tony Finau
,Jrob1,Jason Day,Rory McIlroy,Justin Thomas,Bryson DeChambeau,Adam Scott,Marc Leishman,Brian Harman,Xander Schauffele
,Jrob2,Dustin Johnson,Jordan Spieth,Phil Mickelson,Bryson DeChambeau,Jason Dufner,Kevin Kisner,Xander Schauffele,Li Haotong
,Jrob3,Jordan Spieth,Phil Mickelson,Bubba Watson,Adam Scott,Ryan Moore,Louis Oosthuizen,Patrick Reed,Xander Schauffele
,team o'shea,Rickie Fowler,Justin Rose,Justin Thomas,Patrick Reed,Louis Oosthuizen,Thomas Pieters,Matt Kuchar,Tony Finau
,Bushwood CC,Justin Rose,Phil Mickelson,Bubba Watson,Brian Harman,Kevin Kisner,Charley Hoffman,Xander Schauffele,Kevin Chappell
,Lowc5,Tiger Woods,Bubba Watson,Justin Thomas,Patrick Reed,Matt Kuchar,Jimmy Walker,Brendan Steele,Austin Cook
,Cassagne,Rory McIlroy,Justin Rose,Justin Thomas,Patrick Reed,Marc Leishman,Martin Kaymer,Bryson DeChambeau,Wesley Bryan
,King Ling,Tiger Woods,Thomas Pieters,Matt Kuchar,Tony Finau,Jordan Spieth,Kevin Chappell,Dustin Johnson,Marc Leishman
,TeamSauce,Tony Finau,Bubba Watson,Justin Thomas,Phil Mickelson,Charley Hoffman,Matt Kuchar,Adam Scott,Gary Woodland
,HubnaFromAnothaMotha,Phil Mickelson,Tiger Woods,Rory McIlroy,Matt Kuchar,Patrick Reed,Rafael Cabrera Bello,Zach Johnson,Austin Cook
,The Dingleberries,Jordan Spieth,Tiger Woods,Justin Rose,Doc Redman,Matt Kuchar,Adam Scott,Jason Dufner,Danny Willett
,"Bombs, darts, and buckets",Rickie Fowler,Justin Thomas,Louis Oosthuizen,Zach Johnson,Jordan Spieth,Tony Finau,Charl Schwartzel,Angel Cabrera
,BHager,Tiger Woods,Dustin Johnson,Jordan Spieth,Patrick Reed,Adam Scott,Pat Perez,Xander Schauffele,Chez Reavie
,"Please Tiger, please....",Justin Rose,Bryson DeChambeau,Jordan Spieth,Charley Hoffman,Tony Finau,Tiger Woods,Patrick Reed,Brian Harman
,MikeDavis,Bubba Watson,Rory McIlroy,Rickie Fowler,Ian Poulter,Patrick Reed,Matt Kuchar,Louis Oosthuizen,Xander Schauffele
,Forgot About Day,Pat Perez,Bryson DeChambeau,Wesley Bryan,Jordan Spieth,Brian Harman,Kevin Chappell,Justin Thomas,Jason Day
,The Mechanic,Justin Thomas,Phil Mickelson,Adam Scott,Jason Day,Kevin Chappell,Brian Harman,Tony Finau,Charley Hoffman
,Wubba Lubba Dub Dub,Justin Rose,Justin Thomas,Tony Finau,Patrick Reed,Bubba Watson,Pat Perez,Bryson DeChambeau,Brian Harman
,DPWalsh,Angel Cabrera,Louis Oosthuizen,Jason Day,Doc Redman,Dustin Johnson,Jon Rahm,Patrick Reed,Charl Schwartzel
,Sponeill13,Dustin Johnson,Tiger Woods,Justin Thomas,Adam Scott,Patrick Reed,Matt Kuchar,Marc Leishman,Xander Schauffele
,team jose,Bubba Watson,Justin Rose,Phil Mickelson,Louis Oosthuizen,Brian Harman,Xander Schauffele,Patrick Reed,Bryson DeChambeau
,Top Shelf ,Tiger Woods,Dustin Johnson,Rory McIlroy,Tony Finau,Brendan Steele,Austin Cook,Matt Kuchar,Patrick Reed
,YOU NEED ME ON THAT WALL,Dustin Johnson,Jordan Spieth,Bubba Watson,Martin Kaymer,Gary Woodland,Marc Leishman,Louis Oosthuizen,Doc Redman
,team jose 2,Bubba Watson,Justin Rose,Rory McIlroy,Tyrrell Hatton,Tony Finau,Kiradech Aphibarnrat,Brian Harman,Zach Johnson
,Golf is Fun,Tiger Woods,Rory McIlroy,Rickie Fowler,Patton Kizzire,Patrick Reed,Ian Poulter,Jason Dufner,Thomas Pieters
,Oost Mode,Justin Rose,Phil Mickelson,Justin Thomas,Patrick Reed,Louis Oosthuizen,Matt Kuchar,Bryson DeChambeau,Xander Schauffele
,Sit Vonn My Face,Jordan Spieth,Rickie Fowler,Justin Rose,Brian Harman,Bryson DeChambeau,Kevin Chappell,Tony Finau,Patrick Reed
,The Drawshank Redemption,Jason Day,Adam Scott,Justin Rose,Hideki Matsuyama,Vijay Singh,Pat Perez,Louis Oosthuizen,Dylan Frittelli
,Team roast beef,Alex Noren,Tony Finau,Bryson DeChambeau,Kevin Kisner,Jason Day,Tiger Woods,Louis Oosthuizen,Patrick Reed
,Marx’s Masters,Bubba Watson,Rory McIlroy,Justin Thomas,Xander Schauffele,Matt Kuchar,Bryson DeChambeau,Patrick Reed,Kevin Kisner
,Zee's Angels 1,Rory McIlroy,Justin Thomas,Justin Rose,Xander Schauffele,Charley Hoffman,Matt Kuchar,Branden Grace,Patrick Reed
,Chenault,Paul Casey,Justin Rose,Jordan Spieth,Daniel Berger,Matt Kuchar,Ryan Moore,Adam Scott,Xander Schauffele
,Tin Cup Fan Club,Rory McIlroy,Dustin Johnson,Justin Rose,Tony Finau,Russell Henley,Matt Kuchar,Bryson DeChambeau,Ian Poulter
,Mattjax23-1,Paul Casey,Justin Rose,Rory McIlroy,Xander Schauffele,Thomas Pieters,Adam Scott,Matt Kuchar,Kevin Chappell
,Zee's Angels 2,Rickie Fowler,Jordan Spieth,Dustin Johnson,Tony Finau,Daniel Berger,Patrick Reed,Marc Leishman,Adam Scott
,Pat Reed's Estranged Family ,Justin Thomas,Bubba Watson,Justin Rose,Patrick Reed,Louis Oosthuizen,Matt Kuchar,Tony Finau,Bryson DeChambeau
,A.J. Ross,Justin Rose,Sergio Garcia,Phil Mickelson,Ian Poulter,Bryson DeChambeau,Xander Schauffele,Patrick Cantlay,Matt Kuchar
,Mattjax23-2,Jordan Spieth,Paul Casey,Rory McIlroy,Matthew Fitzpatrick,Jimmy Walker,Matt Kuchar,Thomas Pieters,Xander Schauffele
,Go Get That,Jordan Spieth,Justin Thomas,Tommy Fleetwood,Patrick Cantlay,Tyrrell Hatton,Marc Leishman,Brian Harman,Xander Schauffele
,Golf!,Justin Rose,Dustin Johnson,Rickie Fowler,Thomas Pieters,Charl Schwartzel,Kevin Chappell,Adam Scott,Xander Schauffele
,The Lord's Chips,Brian Harman,Bryson DeChambeau,Xander Schauffele,Jordan Spieth,Dustin Johnson,Sergio Garcia,Adam Scott,Jimmy Walker
,LeftyLeftyLefty,Phil Mickelson,Jordan Spieth,Rory McIlroy,Matt Kuchar,Adam Scott,Ian Poulter,Bryson DeChambeau,Austin Cook
,Kyle Grace 1,Justin Rose,Bubba Watson,Jordan Spieth,Thomas Pieters,Brian Harman,Charley Hoffman,Louis Oosthuizen,Xander Schauffele
,Kyle Grace 2,Dustin Johnson,Justin Thomas,Jordan Spieth,Marc Leishman,Matt Kuchar,Daniel Berger,Tony Finau,Tyrrell Hatton
,Flier Out of the Rough,Tiger Woods,Rory McIlroy,Rickie Fowler,Kevin Chappell,Daniel Berger,Ian Poulter,Charley Hoffman,Tony Finau
,Ndimeo23,Dustin Johnson,Justin Thomas,Paul Casey,Patrick Cantlay,Brian Harman,Daniel Berger,Patrick Reed,Xander Schauffele
,F*ckIanPoulter,Justin Rose,Bubba Watson,Kevin Kisner,Bryson DeChambeau,Louis Oosthuizen,Phil Mickelson,Tony Finau,Adam Scott
,Yeezy 1,Justin Thomas,Dustin Johnson,Jordan Spieth,Daniel Berger,Bryson DeChambeau,Tony Finau,Matt Kuchar,Ian Poulter
,Yeezy 2,Phil Mickelson,Tiger Woods,Rory McIlroy,Louis Oosthuizen,Patrick Reed,Brian Harman,Brendan Steele,Xander Schauffele
,@chezweinz1,Dustin Johnson,Alex Noren,Justin Thomas,Tony Finau,Kevin Chappell,Matt Kuchar,Patrick Reed,Daniel Berger
,Rahm it up your @ss,Jon Rahm,Justin Thomas,Alex Noren,Li Haotong,Branden Grace,Patrick Reed,Charl Schwartzel,Ian Poulter
,@chezweinz2,Rory McIlroy,Justin Rose,Jordan Spieth,Xander Schauffele,Kevin Kisner,Adam Scott,Branden Grace,Gary Woodland
,Gold Jacket Green Jacket,Charley Hoffman,Matt Kuchar,Jordan Spieth,Justin Thomas,Louis Oosthuizen,Justin Rose,Kevin Kisner,Tony Finau
,Durantula's 19th Hole,Jordan Spieth,Dustin Johnson,Justin Rose,Tony Finau,Thomas Pieters,Kevin Kisner,Louis Oosthuizen,Matt Kuchar
,Masters of None,Sergio Garcia,Justin Rose,Dustin Johnson,Marc Leishman,Matt Kuchar,Louis Oosthuizen,Ian Poulter,Xander Schauffele
,Pauker1,Bubba Watson,Rickie Fowler,Justin Thomas,Brian Harman,Rafael Cabrera Bello,Patton Kizzire,Marc Leishman,Kevin Chappell
,Clean my Balls with Liberal Tears,Dustin Johnson,Tiger Woods,Justin Rose,Tony Finau,Patrick Cantlay,Louis Oosthuizen,Adam Scott,Thomas Pieters
,MC Tiger,Matt Kuchar,Jordan Spieth,Dustin Johnson,Jason Day,Xander Schauffele,Thomas Pieters,Marc Leishman,Zach Johnson
,Hardy 1,Justin Rose,Dustin Johnson,Jordan Spieth,Adam Scott,Matt Kuchar,Kevin Chappell,Russell Henley,Tony Finau
,Pauker2,Dustin Johnson,Rory McIlroy,Phil Mickelson,Bryson DeChambeau,Tony Finau,Pat Perez,Adam Hadwin,Matt Kuchar
,Hardy 2,Justin Thomas,Tiger Woods,Rory McIlroy,Daniel Berger,Louis Oosthuizen,Bryson DeChambeau,Kevin Kisner,Xander Schauffele
,Pauker3,Jason Day,Sergio Garcia,Jordan Spieth,Patrick Reed,Cameron Smith,Webb Simpson,Patton Kizzire,Patrick Cantlay
,Sterm's Worm Returns,Hideki Matsuyama,Justin Thomas,Dustin Johnson,Ian Poulter,Angel Cabrera,Joaquin Niemann,Adam Scott,Thomas Pieters
,Black,Justin Rose,Paul Casey,Tiger Woods,Doc Redman,Fred Couples,Ian Poulter,Jason Dufner,Adam Scott
,Dom DiPi ,Tony Finau,Rickie Fowler,Jordan Spieth,Rory McIlroy,Patrick Reed,Danny Willett,Bryson DeChambeau,Matt Kuchar
,RG OB,Tiger Woods,Rory McIlroy,Justin Rose,Matt Kuchar,Charley Hoffman,Bryson DeChambeau,Charl Schwartzel,Wesley Bryan
,Beaudet Squad,Daniel Berger,Branden Grace,Thomas Pieters,Jon Rahm,Jordan Spieth,Xander Schauffele,Justin Thomas,Gary Woodland
,Jack Hayden,Paul Casey,Justin Thomas,Bubba Watson,Patrick Reed,Matt Kuchar,Adam Scott,Ian Poulter,Shubhankar Sharma
,Jack Hayden (2),Rory McIlroy,Justin Thomas,Sergio Garcia,Rafael Cabrera Bello,Patrick Reed,Brian Harman,Patrick Cantlay,Tony Finau
,killie,Justin Rose,Phil Mickelson,Jordan Spieth,Bryson DeChambeau,Patrick Cantlay,Rafael Cabrera Bello,Patton Kizzire,Matt Kuchar
,Pritchard - 2,Tiger Woods,Patrick Reed,Rory McIlroy,Brian Harman,Tyrrell Hatton,Thomas Pieters,Alex Noren,Austin Cook
,Pritchard - 3,Tiger Woods,Jason Day,Rory McIlroy,Tony Finau,Patrick Cantlay,Russell Henley,Ian Poulter,Matt Kuchar
,Carter's Picks,Jordan Spieth,Justin Thomas,Dustin Johnson,Xander Schauffele,Patrick Reed,Charley Hoffman,Matt Kuchar,Pat Perez
,Spankin whitey,Jordan Spieth,Justin Thomas,Tiger Woods,Tony Finau,Patrick Cantlay,Charley Hoffman,Adam Scott,Matt Kuchar
,Oxteam 1,Xander Schauffele,Justin Rose,Rickie Fowler,Phil Mickelson,Daniel Berger,Charley Hoffman,Patrick Cantlay,Ian Poulter
,Hideki Matsui,Hideki Matsuyama,Rickie Fowler,Dustin Johnson,Patton Kizzire,Zach Johnson,Tyrrell Hatton,Marc Leishman,Adam Scott
,Oxteam 2,Tony Finau,Bubba Watson,Jason Day,Justin Thomas,Matt Kuchar,Marc Leishman,Thomas Pieters,Pat Perez
,"Beer, Wings, and Swings",Bubba Watson,Henrik Stenson,Jordan Spieth,Matt Kuchar,Louis Oosthuizen,Tyrrell Hatton,Patrick Reed,Matt Parziale
,Poulter-guess,Bubba Watson,Justin Thomas,Tiger Woods,Patrick Reed,Matt Kuchar,Thomas Pieters,Brian Harman,Xander Schauffele
,Bagger Vance,Tony Finau,Tiger Woods,Justin Thomas,Bubba Watson,Matt Kuchar,Rafael Cabrera Bello,Zach Johnson,Ian Poulter
,Lafferty Daniel ,Rickie Fowler,Kevin Chappell,Henrik Stenson,Justin Rose,Francesco Molinari,Marc Leishman,Louis Oosthuizen,Tony Finau
,Hooper,Dustin Johnson,Bubba Watson,Rory McIlroy,Tony Finau,Matt Kuchar,Charl Schwartzel,Ian Poulter,Rafael Cabrera Bello
,Phil Mickle's Son,Tiger Woods,Bubba Watson,Jordan Spieth,Pat Perez,Matt Kuchar,Zach Johnson,Brian Harman,Patton Kizzire
,chunky soup all stars,Sergio Garcia,Tiger Woods,Jason Day,Ross Fisher,Fred Couples,Adam Scott,Tony Finau,Louis Oosthuizen
,Augusters,Patton Kizzire,Matt Kuchar,Tiger Woods,Jason Day,Bubba Watson,Patrick Reed,Ian Poulter,Bryson DeChambeau
,O’Shanahan’s Pub and Grill,Phil Mickelson,Doc Redman,Francesco Molinari,Bryson DeChambeau,Harry Ellis,Jason Dufner,Rickie Fowler,Jordan Spieth
,NicksPicks ,Rickie Fowler,Phil Mickelson,Rory McIlroy,Tony Finau,Ryan Moore,Patrick Cantlay,Adam Scott,Daniel Berger
,Jammy,Justin Rose,Bubba Watson,Dustin Johnson,Brian Harman,Charley Hoffman,Tony Finau,Patrick Reed,Matt Kuchar
,Tiger's Smashpad,Xander Schauffele,Justin Rose,Jordan Spieth,Tiger Woods,Matt Kuchar,Thomas Pieters,Charl Schwartzel,Adam Scott
,BCWhite,Jon Rahm,Paul Casey,Tony Finau,Hideki Matsuyama,Matt Kuchar,Tyrrell Hatton,Marc Leishman,Bryson DeChambeau
,Team Doyle1,Justin Thomas,Phil Mickelson,Alex Noren,Matt Kuchar,Webb Simpson,Matthew Fitzpatrick,Adam Hadwin,Tony Finau
,Bryne Sampson,Justin Rose,Justin Thomas,Bubba Watson,Bryson DeChambeau,Joaquin Niemann,Patrick Reed,Matt Kuchar,Kevin Chappell
,Andrew Russell's Team of Golfers,Justin Thomas,Dustin Johnson,Justin Rose,Jimmy Walker,Louis Oosthuizen,Marc Leishman,Branden Grace,Xander Schauffele
,Bobby Anderson,Phil Mickelson,Justin Thomas,Jon Rahm,Jimmy Walker,Tony Finau,Kevin Kisner,Patrick Reed,Thomas Pieters
,ZachRemsen1,Bubba Watson,Dustin Johnson,Phil Mickelson,Daniel Berger,Adam Hadwin,Xander Schauffele,Patrick Cantlay,Pat Perez
,ZachRemsen2,Jordan Spieth,Justin Thomas,Tiger Woods,Bryson DeChambeau,Shubhankar Sharma,Louis Oosthuizen,Kevin Chappell,Matt Kuchar
,Will Plumb 1,Phil Mickelson,Jordan Spieth,Justin Rose,Xander Schauffele,Tyrrell Hatton,Matt Kuchar,Bryson DeChambeau,Patrick Reed
,Philly Philly,Phil Mickelson,Bubba Watson,Justin Thomas,Patrick Reed,Adam Scott,Ryan Moore,Thomas Pieters,Tony Finau
,Rudy,Justin Thomas,Rory McIlroy,Dustin Johnson,Patrick Reed,Matt Kuchar,Tony Finau,Zach Johnson,Adam Scott
,Engberito,Justin Thomas,Dustin Johnson,Matt Kuchar,Brian Harman,Patrick Reed,Tony Finau,Bryson DeChambeau,Tiger Woods
,Sterm's Worm Goes to Atlanta ,Justin Rose,Brian Harman,Dustin Johnson,Zach Johnson,Hideki Matsuyama,Patrick Cantlay,Louis Oosthuizen,Xander Schauffele
,Daves 401k,Matt Kuchar,Tony Finau,Kevin Kisner,Hideki Matsuyama,Jordan Spieth,Justin Rose,Louis Oosthuizen,Patrick Reed
,Sterm's Worm Catcher ,Dustin Johnson,Justin Rose,Tyrrell Hatton,Branden Grace,Justin Thomas,Patrick Cantlay,Xander Schauffele,Zach Johnson
,Lafferty Daniel,Rickie Fowler,Rory McIlroy,Justin Thomas,Xander Schauffele,Branden Grace,Wesley Bryan,Matt Kuchar,Charley Hoffman
,bobby niebs,Joaquin Niemann,Matt Kuchar,Angel Cabrera,Adam Scott,Patrick Reed,Jason Day,Rickie Fowler,Sergio Garcia
,Maynard 1,Tiger Woods,Phil Mickelson,Justin Rose,Xander Schauffele,Patrick Reed,Brian Harman,Matt Kuchar,Daniel Berger
,Birdwalk Empire,Jordan Spieth,Justin Rose,Paul Casey,Ian Poulter,Branden Grace,Adam Scott,Tyrrell Hatton,Austin Cook
,Chad's Team,Justin Thomas,Tiger Woods,Rory McIlroy,Ian Poulter,Charley Hoffman,Tony Finau,Kevin Kisner,Matt Kuchar
,Make Sundays Great Again,Dustin Johnson,Jordan Spieth,Rory McIlroy,Matt Kuchar,Bryson DeChambeau,Patrick Reed,Charley Hoffman,Xander Schauffele
,Vitz Nation,Dustin Johnson,Jon Rahm,Sergio Garcia,Xander Schauffele,Ian Poulter,Tyrrell Hatton,Matt Kuchar,Kiradech Aphibarnrat
,Newk,Jordan Spieth,Justin Rose,Bubba Watson,Bryson DeChambeau,Kevin Chappell,Joaquin Niemann,Adam Scott,Louis Oosthuizen
,Walker9,Tiger Woods,Justin Thomas,Jordan Spieth,Louis Oosthuizen,Kevin Kisner,Bryson DeChambeau,Charley Hoffman,Yusaku Miyazato
,The Cumstains,Jason Day,Justin Thomas,Dustin Johnson,Matt Kuchar,Ian Poulter,Louis Oosthuizen,Patrick Reed,Xander Schauffele
,Took DJ's side chicl,Justin Thomas,Patrick Reed,Bubba Watson,Jordan Spieth,Xander Schauffele,Ryan Moore,Kevin Kisner,Ian Poulter
,Newk2,Tiger Woods,Wesley Bryan,Phil Mickelson,Dustin Johnson,Thomas Pieters,Patrick Cantlay,Bryson DeChambeau,Charl Schwartzel
,KFBR392,Jason Day,Kiradech Aphibarnrat,Patrick Reed,Justin Thomas,Justin Rose,Ian Poulter,Bryson DeChambeau,Tony Finau
,House Always Wins,Justin Rose,Sergio Garcia,Justin Thomas,Bryson DeChambeau,Ian Poulter,Kevin Chappell,Xander Schauffele,Charley Hoffman
,MikeCollins1,Justin Thomas,Jordan Spieth,Justin Rose,Tony Finau,Daniel Berger,Louis Oosthuizen,Matt Kuchar,Charley Hoffman
,JMZ,Tiger Woods,Justin Thomas,Henrik Stenson,Charley Hoffman,Matt Kuchar,Rafael Cabrera Bello,Charl Schwartzel,Xander Schauffele
,Make Sundays Great Again 2,Bubba Watson,Justin Thomas,Justin Rose,Xander Schauffele,Thomas Pieters,Branden Grace,Francesco Molinari,Patrick Reed
,going for the green,Jordan Spieth,Henrik Stenson,Jason Dufner,Danny Willett,Rickie Fowler,Matt Parziale,Adam Scott,Daniel Berger
,JUULING,Justin Thomas,Jordan Spieth,Dustin Johnson,Marc Leishman,Adam Hadwin,Louis Oosthuizen,Matt Kuchar,Li Haotong
,Will Hawkins 2,Tony Finau,Jon Rahm,Tiger Woods,Patrick Reed,Bubba Watson,Si Woo Kim,Ian Poulter,Angel Cabrera
,MikeCollins2,Rory McIlroy,Kevin Chappell,Justin Rose,Paul Casey,Patrick Cantlay,Ian Poulter,Thomas Pieters,Xander Schauffele
,Grip It N' Rip It,Bubba Watson,Jordan Spieth,Dustin Johnson,Patrick Reed,Matt Kuchar,Bryson DeChambeau,Xander Schauffele,Fred Couples
,I Like Big Putts and I Cannot Lie,Phil Mickelson,Justin Rose,Tiger Woods,Tony Finau,Matt Kuchar,Louis Oosthuizen,Thomas Pieters,Charl Schwartzel
,Larry’s Birdies,Dustin Johnson,Justin Rose,Justin Thomas,Adam Scott,Matt Kuchar,Kiradech Aphibarnrat,Adam Hadwin,Tony Finau
,J Shaddock 1,Tiger Woods,Dustin Johnson,Justin Thomas,Patton Kizzire,Ryan Moore,Bryson DeChambeau,Charl Schwartzel,Louis Oosthuizen
,Native Area,Tiger Woods,Jordan Spieth,Justin Rose,Matt Kuchar,Adam Scott,Patrick Reed,Brian Harman,Doc Redman
,J Shaddock 2,Tiger Woods,Rory McIlroy,Phil Mickelson,Xander Schauffele,Patrick Cantlay,Adam Hadwin,Thomas Pieters,Patrick Reed
,Scooter McGavin,Dustin Johnson,Justin Rose,Rory McIlroy,Tony Finau,Louis Oosthuizen,Kevin Chappell,Matt Kuchar,Brendan Steele
,Bhickey ,Jordan Spieth,Bubba Watson,Jason Day,Patton Kizzire,Matthew Fitzpatrick,Charley Hoffman,Adam Scott,Webb Simpson
,Govicii,Justin Thomas,Jason Day,Rickie Fowler,Patrick Reed,Louis Oosthuizen,Thomas Pieters,Kevin Kisner,Matt Parziale
,J Shaddock 3,Charley Hoffman,Justin Rose,Jordan Spieth,Hideki Matsuyama,Matt Kuchar,Tony Finau,Kevin Kisner,Marc Leishman
,Don's Best Guess,Wesley Bryan,Patrick Cantlay,Paul Casey,Russell Henley,Justin Rose,Jordan Spieth,Pat Perez,Daniel Berger
,Kasnicki,Jordan Spieth,Phil Mickelson,Justin Rose,Matt Kuchar,Patrick Reed,Tony Finau,Bryson DeChambeau,Louis Oosthuizen
,Dons,Justin Rose,Hideki Matsuyama,Jason Day,Charley Hoffman,Martin Kaymer,Louis Oosthuizen,Rafael Cabrera Bello,Tony Finau
,Sports Enthusiast,Dustin Johnson,Justin Rose,Bubba Watson,Adam Scott,Bryson DeChambeau,Yusaku Miyazato,Matt Kuchar,Louis Oosthuizen
,Carl Spackler,Fred Couples,Tiger Woods,Tony Finau,Jordan Spieth,Louis Oosthuizen,Adam Scott,Jimmy Walker,Rory McIlroy
,Julia #1,Tiger Woods,Jordan Spieth,Tommy Fleetwood,Shubhankar Sharma,Adam Scott,Bryson DeChambeau,Rafael Cabrera Bello,Kevin Chappell
,Vincent Harambasic III,Justin Rose,Dustin Johnson,Tiger Woods,Bryson DeChambeau,Matt Kuchar,Kevin Chappell,Brendan Steele,Xander Schauffele
,Team Doo Doo,Jason Day,Rickie Fowler,Rory McIlroy,Kevin Kisner,Patrick Reed,Ian Poulter,Li Haotong,Jason Dufner
,Thunder Down Under,Tony Finau,Tiger Woods,Russell Henley,Rickie Fowler,Dustin Johnson,Matt Kuchar,Patrick Reed,Bryson DeChambeau
,Mike Collins continues to eat shit for breakfast,Sergio Garcia,Russell Henley,Matt Kuchar,Marc Leishman,Alex Noren,Louis Oosthuizen,Xander Schauffele,Tiger Woods
,Collins <3 Gerbils,Paul Casey,Rafael Cabrera Bello,Kiradech Aphibarnrat,Kevin Chappell,Charley Hoffman,Tony Finau,Justin Thomas,Bubba Watson
,Edward Brucker,Rickie Fowler,Dustin Johnson,Jordan Spieth,Xander Schauffele,Brian Harman,Matt Kuchar,Thomas Pieters,Rafael Cabrera Bello
,CFumai,Tiger Woods,Li Haotong,Tommy Fleetwood,Justin Thomas,Patrick Cantlay,Charley Hoffman,Charl Schwartzel,Bryson DeChambeau
,How am I supposed to chip with that going on,Xander Schauffele,Jason Dufner,Adam Hadwin,Webb Simpson,Jordan Spieth,Bubba Watson,Justin Rose,Kevin Kisner
,Team ng,Alex Noren,Tommy Fleetwood,Tiger Woods,Tony Finau,Kevin Chappell,Thomas Pieters,Tyrrell Hatton,Webb Simpson
,Keep er straight ,Phil Mickelson,Jordan Spieth,Bubba Watson,Tony Finau,Charley Hoffman,Bernhard Langer,Adam Scott,Marc Leishman
,weredoingit,Tiger Woods,Justin Rose,Justin Thomas,Tony Finau,Patrick Reed,Marc Leishman,Matt Kuchar,Patrick Cantlay
,The Blumpkins,Rickie Fowler,Justin Thomas,Jordan Spieth,Patrick Reed,Rafael Cabrera Bello,Marc Leishman,Thomas Pieters,Xander Schauffele
,The Big Squirt,Tiger Woods,Justin Thomas,Justin Rose,Bryson DeChambeau,Matt Kuchar,Thomas Pieters,Patrick Reed,Tony Finau
,Sip It. Grip It. Rip It,Justin Thomas,Dustin Johnson,Jon Rahm,Kevin Kisner,Pat Perez,Matt Kuchar,Thomas Pieters,Joaquin Niemann
,Gold jacket green jacket who gives a shit,Rory McIlroy,Dustin Johnson,Justin Rose,Brian Harman,Xander Schauffele,Kevin Chappell,Daniel Berger,Bryson DeChambeau
,"Bombs, Darts, & Buckets 2",Tiger Woods,Louis Oosthuizen,Rickie Fowler,Justin Thomas,Adam Scott,Patrick Reed,Satoshi Kodaira,Danny Willett
,Flanders Team,Jason Day,Henrik Stenson,Bubba Watson,Chez Reavie,Ian Poulter,Shubhankar Sharma,Gary Woodland,Brian Harman
,steve otter,Doc Redman,Rickie Fowler,Justin Thomas,Dustin Johnson,Martin Kaymer,Kevin Chappell,Brian Harman,Ryan Moore
,Kenny's G's ,Jordan Spieth,Justin Rose,Rickie Fowler,Austin Cook,Jimmy Walker,Patrick Reed,Fred Couples,Matt Kuchar
,Schroeder,Jordan Spieth,Bubba Watson,Justin Rose,Louis Oosthuizen,Zach Johnson,Tony Finau,Patrick Reed,Kevin Kisner
,"If you like to yell ""get in the hole!"", eat a dick",Jordan Spieth,Justin Thomas,Henrik Stenson,Patrick Reed,Matt Kuchar,Adam Scott,Brian Harman,Tony Finau
,Mahatma Gandhi,Dustin Johnson,Justin Rose,Paul Casey,Matt Kuchar,Thomas Pieters,Kiradech Aphibarnrat,Russell Henley,Tony Finau
,Touchdownbirds,Tony Finau,Thomas Pieters,Tiger Woods,Dustin Johnson,Jordan Spieth,Bryson DeChambeau,Louis Oosthuizen,Kiradech Aphibarnrat
,?? -#1,Dustin Johnson,Tommy Fleetwood,Sergio Garcia,Adam Scott,Kevin Chappell,Kiradech Aphibarnrat,Patrick Cantlay,Xander Schauffele
,Conor Kenny 1,Justin Rose,Jordan Spieth,Dustin Johnson,Xander Schauffele,Matt Kuchar,Patrick Cantlay,Charley Hoffman,Patrick Reed
,?? #2,Sergio Garcia,Dustin Johnson,Rory McIlroy,Wesley Bryan,Bryson DeChambeau,Brian Harman,Kyle Stanley,Adam Scott
,Provost #1,Rafael Cabrera Bello,Charley Hoffman,Marc Leishman,Adam Scott,Wesley Bryan,Justin Thomas,Jon Rahm,Jordan Spieth
,Lincoln Duo,Tiger Woods,Jon Rahm,Justin Thomas,Bryson DeChambeau,Patrick Reed,Russell Henley,Kiradech Aphibarnrat,Xander Schauffele
,?? #3,Rory McIlroy,Phil Mickelson,Justin Rose,Tony Finau,Kevin Chappell,Brian Harman,Louis Oosthuizen,Matt Kuchar
,Kenny 2,Tiger Woods,Justin Thomas,Rory McIlroy,Tony Finau,Marc Leishman,Bryson DeChambeau,Adam Hadwin,Adam Scott
,Where's Faldo,Kiradech Aphibarnrat,Patrick Cantlay,Dylan Frittelli,Brian Harman,Justin Rose,Phil Mickelson,Justin Thomas,Tyrrell Hatton
,Woods by 10,Rory McIlroy,Tiger Woods,Justin Thomas,Bryson DeChambeau,Chez Reavie,Tony Finau,Thomas Pieters,Patrick Reed
,Provost # 2,Bryson DeChambeau,Rafael Cabrera Bello,Justin Thomas,Justin Rose,Kevin Kisner,Jordan Spieth,Daniel Berger,Xander Schauffele
,Will Plumb 2,Tiger Woods,Patrick Cantlay,Brian Harman,Rickie Fowler,Alex Noren,Tyrrell Hatton,Tony Finau,Charl Schwartzel
,Bubba has a mangina ,Dustin Johnson,Justin Thomas,Tony Finau,Justin Rose,Louis Oosthuizen,Matt Kuchar,Patrick Reed,Charl Schwartzel
,Provost # 3,Paul Casey,Dustin Johnson,Alex Noren,Patrick Cantlay,Kevin Chappell,Francesco Molinari,Patrick Reed,Tony Finau
,Fuck My Dad's Team,Tiger Woods,Jordan Spieth,Justin Rose,Charley Hoffman,Tony Finau,Matt Kuchar,Brian Harman,Louis Oosthuizen
,AJP'S Amen,Dustin Johnson,Justin Thomas,Tiger Woods,Wesley Bryan,Charl Schwartzel,Charley Hoffman,Matt Kuchar,Kevin Kisner
,jm23,Rory McIlroy,Henrik Stenson,Jordan Spieth,Russell Henley,Jimmy Walker,Pat Perez,Charley Hoffman,Xander Schauffele
,The Bachewy Chomps,Patrick Cantlay,Gary Woodland,Hideki Matsuyama,Phil Mickelson,Justin Thomas,Kevin Chappell,Tony Finau,Thomas Pieters
,Bubba's Boys,Bubba Watson,Tony Finau,Jordan Spieth,Dustin Johnson,Patrick Reed,Brian Harman,Russell Henley,Matt Kuchar
,20 Deep,Tiger Woods,Jordan Spieth,Bryson DeChambeau,Rory McIlroy,Ian Poulter,Marc Leishman,Patrick Cantlay,Dylan Frittelli
,Cento1,Bubba Watson,Justin Thomas,Justin Rose,Xander Schauffele,Louis Oosthuizen,Patrick Reed,Marc Leishman,Matt Kuchar
,Kyguy's Masters ,Jordan Spieth,Justin Thomas,Bubba Watson,Xander Schauffele,Patrick Reed,Charley Hoffman,Brian Harman,Matt Kuchar
,Danny Noonan,Justin Rose,Dustin Johnson,Jon Rahm,Patrick Reed,Daniel Berger,Charl Schwartzel,Tyrrell Hatton,Austin Cook
,Cento2,Tony Finau,Justin Rose,Jon Rahm,Justin Thomas,Patrick Reed,Rafael Cabrera Bello,Marc Leishman,Matt Kuchar
,joeban,Tony Finau,Jason Day,Rickie Fowler,Dustin Johnson,Bryson DeChambeau,Louis Oosthuizen,Charl Schwartzel,Charley Hoffman
,Return of the Worm,Tiger Woods,Jordan Spieth,Justin Rose,Charl Schwartzel,Vijay Singh,Jason Dufner,Joaquin Niemann,Charley Hoffman
,UmanGolf,Rory McIlroy,Tiger Woods,Jason Day,Tony Finau,Bryson DeChambeau,Zach Johnson,Thomas Pieters,Adam Scott
,PerkinsPlatter,Justin Thomas,Dustin Johnson,Justin Rose,Xander Schauffele,Patrick Reed,Louis Oosthuizen,Bryson DeChambeau,Marc Leishman
,Horan,Jordan Spieth,Phil Mickelson,Dustin Johnson,Tony Finau,Patrick Reed,Louis Oosthuizen,Matt Kuchar,Ian Poulter
,MAKAR,Jordan Spieth,Justin Rose,Bubba Watson,Patrick Cantlay,Kevin Kisner,Ross Fisher,Brian Harman,Dylan Frittelli
,Chris LaCroix,Rickie Fowler,Justin Thomas,Rory McIlroy,Daniel Berger,Thomas Pieters,Russell Henley,Matt Kuchar,Wesley Bryan
,Iwantthegold,Rickie Fowler,Tiger Woods,Bubba Watson,Bryson DeChambeau,Charley Hoffman,Pat Perez,Patrick Reed,Matt Parziale
,30's and Birdies,Dustin Johnson,Justin Rose,Tiger Woods,Bryson DeChambeau,Matt Kuchar,Brian Harman,Tony Finau,Patrick Reed
,"Dude, Where's My Par",Dustin Johnson,Bubba Watson,Rory McIlroy,Tony Finau,Matt Kuchar,Charl Schwartzel,Thomas Pieters,Adam Scott
,Golf is a sport?,Dustin Johnson,Rory McIlroy,Rickie Fowler,Harry Ellis,Louis Oosthuizen,Bryson DeChambeau,Daniel Berger,Adam Scott
,FLEETWOODMACilroy,Kevin Chappell,Adam Scott,Marc Leishman,Matt Kuchar,Dylan Frittelli,Tiger Woods,Jason Day,Dustin Johnson
,Diaz 1,Xander Schauffele,Justin Thomas,Phil Mickelson,Justin Rose,Marc Leishman,Tyrrell Hatton,Matt Kuchar,Kevin Chappell
,Diaz 2,Patton Kizzire,Justin Thomas,Jordan Spieth,Tiger Woods,Patrick Reed,Charley Hoffman,Marc Leishman,Brian Harman
,aducas13,Rory McIlroy,Justin Rose,Jordan Spieth,Adam Scott,Brian Harman,Patrick Cantlay,Matt Kuchar,Xander Schauffele
,Diaz 3,Tony Finau,Justin Rose,Jordan Spieth,Jason Day,Pat Perez,Kevin Chappell,Brian Harman,Matt Kuchar
,Pdevs,Justin Rose,Rickie Fowler,Paul Casey,Dylan Frittelli,Matt Kuchar,Louis Oosthuizen,Daniel Berger,Charley Hoffman
,PokeyD,Jason Day,Jordan Spieth,Jon Rahm,Xander Schauffele,Matt Kuchar,Thomas Pieters,Bryson DeChambeau,Marc Leishman
,Rickie's Year,Rickie Fowler,Jordan Spieth,Tiger Woods,Xander Schauffele,Matt Kuchar,Bryson DeChambeau,Charley Hoffman,Kevin Kisner
,ChrisGibb,Rickie Fowler,Rory McIlroy,Paul Casey,Webb Simpson,Tony Finau,Adam Hadwin,Matt Kuchar,Thomas Pieters
,Still Super Bowl Champs,Justin Thomas,Rory McIlroy,Justin Rose,Patton Kizzire,Matt Kuchar,Patrick Reed,Matthew Fitzpatrick,Patrick Cantlay
,partyflem,Jason Day,Justin Thomas,Jordan Spieth,Thomas Pieters,Kevin Chappell,Bryson DeChambeau,Joaquin Niemann,Matt Kuchar
,TBlev316 3,Tiger Woods,Justin Thomas,Jordan Spieth,Xander Schauffele,Charley Hoffman,Russell Henley,Adam Scott,Pat Perez
,TL-1,Jordan Spieth,Rory McIlroy,Justin Thomas,Louis Oosthuizen,Matt Kuchar,Adam Scott,Thomas Pieters,Tony Finau
,Will Tiger Tank?,Tiger Woods,Bubba Watson,Jordan Spieth,Ryan Moore,Matt Kuchar,Marc Leishman,Charl Schwartzel,Xander Schauffele
,Tame Tame Tame,Dustin Johnson,Henrik Stenson,Jordan Spieth,Adam Hadwin,Patrick Reed,Tony Finau,Rafael Cabrera Bello,Kevin Kisner
,James Lamb,Justin Rose,Rory McIlroy,Justin Thomas,Tony Finau,Brian Harman,Zach Johnson,Charl Schwartzel,Adam Scott
,PopoZão,Xander Schauffele,Alex Noren,Justin Rose,Jordan Spieth,Kiradech Aphibarnrat,Si Woo Kim,Matt Kuchar,Kevin Kisner
,Somebody's Closer,Xander Schauffele,Justin Thomas,Bubba Watson,Dustin Johnson,Matt Kuchar,Kiradech Aphibarnrat,Patrick Reed,Ian Poulter
,Phil is my dad,Jason Day,Rory McIlroy,Jordan Spieth,Xander Schauffele,Patrick Cantlay,Adam Scott,Brian Harman,Matt Kuchar
,Paulina’s Slippery Stairs,Dustin Johnson,Tiger Woods,Justin Rose,Matt Kuchar,Louis Oosthuizen,Patrick Cantlay,Gary Woodland,Tony Finau
,JSack105x3,Rory McIlroy,Matt Kuchar,Marc Leishman,Tommy Fleetwood,Jordan Spieth,Louis Oosthuizen,Thomas Pieters,Patton Kizzire
,Pete James,Jordan Spieth,Rickie Fowler,Tiger Woods,Bryson DeChambeau,Rafael Cabrera Bello,Matt Kuchar,Patrick Reed,Tony Finau
,James Wright,Rory McIlroy,Justin Thomas,Justin Rose,Matt Kuchar,Tony Finau,Bryson DeChambeau,Kiradech Aphibarnrat,Kevin Chappell
,Disaster at Amen Corner ,Bubba Watson,Daniel Berger,Jordan Spieth,Matt Kuchar,Rory McIlroy,Xander Schauffele,Marc Leishman,Matthew Fitzpatrick
,PStrong,Tiger Woods,Dustin Johnson,Jason Day,Louis Oosthuizen,Adam Scott,Patrick Reed,Marc Leishman,Matt Parziale
,Tollen,Dustin Johnson,Webb Simpson,Rickie Fowler,Jordan Spieth,Matt Parziale,Matt Kuchar,Charley Hoffman,Marc Leishman
,Winters-1,Justin Thomas,Jordan Spieth,Tiger Woods,Matt Kuchar,Patrick Reed,Kiradech Aphibarnrat,Louis Oosthuizen,Austin Cook
,Bayloco1,Jordan Spieth,Dustin Johnson,Justin Rose,Bryson DeChambeau,Matt Kuchar,Kevin Kisner,Kiradech Aphibarnrat,Tony Finau
,Bayloco2,Phil Mickelson,Tiger Woods,Henrik Stenson,Bryson DeChambeau,Zach Johnson,Louis Oosthuizen,Tyrrell Hatton,Xander Schauffele
,Buck's Picks,Phil Mickelson,Justin Rose,Tiger Woods,Brian Harman,Kevin Kisner,Branden Grace,Tyrrell Hatton,Joaquin Niemann
,Knockaround Guys,Austin Cook,Patrick Reed,Marc Leishman,Louis Oosthuizen,Justin Rose,Rory McIlroy,Jordan Spieth,Matt Kuchar
,Green Room,Shubhankar Sharma,Gary Woodland,Ryan Moore,Kevin Chappell,Adam Scott,Tiger Woods,Phil Mickelson,Bubba Watson
,Roeske,Justin Rose,Bryson DeChambeau,Matt Kuchar,Justin Thomas,Jason Day,Patrick Cantlay,Tony Finau,Kevin Chappell
,VVM,Patrick Cantlay,Tony Finau,Gary Woodland,Brendan Steele,Justin Thomas,Jordan Spieth,Justin Rose,Patrick Reed
,Bunzai,Justin Thomas,Rory McIlroy,Justin Rose,Xander Schauffele,Matt Kuchar,Patrick Reed,Bryson DeChambeau,Charley Hoffman
,Coach N,Rickie Fowler,Dustin Johnson,Phil Mickelson,Patrick Reed,Kevin Chappell,Thomas Pieters,Pat Perez,Tony Finau
,Cannon,Justin Rose,Jordan Spieth,Rory McIlroy,Louis Oosthuizen,Adam Scott,Adam Scott,Brian Harman,Tony Finau
,Towny,Patton Kizzire,Charley Hoffman,Charley Hoffman,Adam Scott,Zach Johnson,Paul Casey,Hideki Matsuyama,Jordan Spieth
,TWhit322,Xander Schauffele,Jordan Spieth,Justin Thomas,Henrik Stenson,Marc Leishman,Matt Kuchar,Ian Poulter,Kevin Kisner
,Coach N2,Matt Kuchar,Patrick Reed,Jon Rahm,Jordan Spieth,Justin Rose,Charley Hoffman,Ryan Moore,Austin Cook
,Perkins Waitress ,Paul Casey,Jordan Spieth,Justin Rose,Patrick Reed,Bryson DeChambeau,Xander Schauffele,Tyrrell Hatton,Matt Kuchar
,N Senko #1,Rory McIlroy,Justin Thomas,Justin Rose,Shubhankar Sharma,Matt Kuchar,Kevin Chappell,Brendan Steele,Patrick Reed
,Team DT,Jon Rahm,Justin Rose,Dustin Johnson,Joaquin Niemann,Zach Johnson,Louis Oosthuizen,Charl Schwartzel,Matt Kuchar
,N Senko #2,Dustin Johnson,Justin Thomas,Bubba Watson,Tony Finau,Thomas Pieters,Louis Oosthuizen,Brian Harman,Matt Kuchar
,Chaz,Justin Rose,Phil Mickelson,Tiger Woods,Tony Finau,Charley Hoffman,Ian Poulter,Matt Kuchar,Charl Schwartzel
,Hosman,Wesley Bryan,Jason Dufner,Jordan Spieth,Matt Kuchar,Justin Thomas,Charley Hoffman,Bubba Watson,Ian Poulter
,Carter's Team #2,Jordan Spieth,Bubba Watson,Justin Thomas,Xander Schauffele,Kevin Chappell,Pat Perez,Bryson DeChambeau,Adam Scott
,Carter's Team #3,Jordan Spieth,Tiger Woods,Phil Mickelson,Si Woo Kim,Matt Kuchar,Xander Schauffele,Thomas Pieters,Adam Scott
,Dlapres,Dustin Johnson,Justin Thomas,Justin Rose,Matt Kuchar,Daniel Berger,Bryson DeChambeau,Kevin Chappell,Tony Finau
,Butter Dslubs,Rory McIlroy,Justin Thomas,Tiger Woods,Matt Kuchar,Thomas Pieters,Patrick Reed,Charley Hoffman,Tony Finau
,ANTHONY WALKER,Satoshi Kodaira,Rory McIlroy,Dustin Johnson,Jordan Spieth,Jason Dufner,Charley Hoffman,Adam Scott,Billy Horschel
,T Shaw,Rory McIlroy,Tony Finau,Jordan Spieth,Justin Thomas,Daniel Berger,Matt Kuchar,Bryson DeChambeau,Kevin Chappell
,Tebow4President,Jordan Spieth,Justin Thomas,Thomas Pieters,Dustin Johnson,Louis Oosthuizen,Adam Scott,Marc Leishman,Tony Finau
,dobbs,Paul Casey,Justin Rose,Tiger Woods,Xander Schauffele,Patrick Reed,Jimmy Walker,Daniel Berger,Louis Oosthuizen
,Big Golf Guy,Tiger Woods,Jordan Spieth,Hideki Matsuyama,Tony Finau,Daniel Berger,Charley Hoffman,Bryson DeChambeau,Kevin Chappell
,Ole Soup Can ,Justin Rose,Tiger Woods,Ian Poulter,Matt Kuchar,Charl Schwartzel,Rory McIlroy,Thomas Pieters,Tony Finau
,The Paulinas,Justin Rose,Justin Thomas,Rory McIlroy,Matt Kuchar,Daniel Berger,Louis Oosthuizen,Kevin Kisner,Tony Finau
,Germany - Ja!,Rory McIlroy,Bubba Watson,Patrick Reed,Kevin Kisner,Adam Scott,Louis Oosthuizen,Marc Leishman,Xander Schauffele
,Spieth2018,Jordan Spieth,Paul Casey,Rory McIlroy,Kevin Chappell,Marc Leishman,Matt Kuchar,Tony Finau,Thomas Pieters
,"Long Stroke, Short Putts",Tony Finau,Justin Thomas,Jason Day,Dustin Johnson,Gary Woodland,Bryson DeChambeau,Patrick Cantlay,Marc Leishman
,Chiz ,Dustin Johnson,Justin Rose,Jordan Spieth,Tony Finau,Bryson DeChambeau,Kevin Kisner,Matt Kuchar,Rafael Cabrera Bello
,Little red riding Woods,Rickie Fowler,Tiger Woods,Fred Couples,Matt Kuchar,Jordan Spieth,Louis Oosthuizen,Tony Finau,Patrick Cantlay
,Daum 1,Jordan Spieth,Rory McIlroy,Justin Thomas,Louis Oosthuizen,Matt Kuchar,Patrick Reed,Thomas Pieters,Tony Finau
,Daum 2,Dustin Johnson,Rory McIlroy,Justin Rose,Adam Scott,Louis Oosthuizen,Matt Kuchar,Thomas Pieters,Xander Schauffele
,There's 18 Holes?,Justin Thomas,Rickie Fowler,Justin Rose,Matt Kuchar,Patrick Cantlay,Louis Oosthuizen,Joaquin Niemann,Marc Leishman
,Potato Biscuit,Justin Rose,Rickie Fowler,Bubba Watson,Tony Finau,Adam Scott,Louis Oosthuizen,Zach Johnson,Daniel Berger
,Plastic Talks,Justin Rose,Justin Thomas,Paul Casey,Louis Oosthuizen,Matt Kuchar,Daniel Berger,Kevin Chappell,Tony Finau
,Vigilo ,Bubba Watson,Matt Kuchar,Kevin Chappell,Xander Schauffele,Tiger Woods,Bryson DeChambeau,Jon Rahm,Fred Couples
,Riley Hub,Xander Schauffele,Rickie Fowler,Tiger Woods,Justin Rose,Patrick Reed,Adam Scott,Matt Kuchar,Marc Leishman
,Crnk,Dustin Johnson,Rickie Fowler,Jordan Spieth,Matt Kuchar,Pat Perez,Patrick Reed,Tony Finau,Webb Simpson
,Bosco,Jason Day,Sergio Garcia,Jordan Spieth,Matt Kuchar,Adam Scott,Vijay Singh,Patton Kizzire,Jhonattan Vegas
,Northshore Navigators,Brian Harman,Xander Schauffele,Justin Rose,Kevin Chappell,Rory McIlroy,Tiger Woods,Ryan Moore,Daniel Berger
,tstecko,Rickie Fowler,Jon Rahm,Justin Thomas,Tony Finau,Charley Hoffman,Martin Kaymer,Zach Johnson,Kevin Chappell
,Team Mayfield,Dustin Johnson,Jordan Spieth,Bubba Watson,Matt Kuchar,Patrick Reed,Adam Scott,Zach Johnson,Tony Finau
,Ari Pappas,Jordan Spieth,Rory McIlroy,Jason Day,Tony Finau,Matt Kuchar,Louis Oosthuizen,Adam Scott,Thomas Pieters
,Emmert likes oatmeal and peanut butter for breakfast,Rory McIlroy,Justin Rose,Bubba Watson,Matt Kuchar,Patrick Reed,Louis Oosthuizen,Adam Scott,Xander Schauffele
,Wetherill 1,Justin Rose,Bubba Watson,Tiger Woods,Tony Finau,Matthew Fitzpatrick,Rafael Cabrera Bello,Kevin Kisner,Zach Johnson
,Wetherill 2,Paul Casey,Dustin Johnson,Rory McIlroy,Wesley Bryan,Bryson DeChambeau,Matt Kuchar,Francesco Molinari,Ian Poulter
,JH1,Tiger Woods,Rory McIlroy,Justin Rose,Zach Johnson,Brian Harman,Ian Poulter,Patrick Reed,Shubhankar Sharma
,Putt Pirates,Rory McIlroy,Jordan Spieth,Justin Thomas,Matt Kuchar,Tony Finau,Louis Oosthuizen,Thomas Pieters,Adam Scott
,J-M1,Tiger Woods,Rickie Fowler,Jason Day,Ian Poulter,Louis Oosthuizen,Charley Hoffman,Zach Johnson,Xander Schauffele
,Holden 1,Paul Casey,Justin Rose,Jordan Spieth,Patrick Cantlay,Pat Perez,Rafael Cabrera Bello,Charley Hoffman,Xander Schauffele
,JH2,Justin Thomas,Dustin Johnson,Jordan Spieth,Bryson DeChambeau,Kevin Kisner,Louis Oosthuizen,Thomas Pieters,Shubhankar Sharma
,Emmert likes to run,Tiger Woods,Rickie Fowler,Justin Thomas,Patrick Reed,Adam Scott,Marc Leishman,Thomas Pieters,Li Haotong
,Holden 2,Phil Mickelson,Justin Rose,Bubba Watson,Patrick Cantlay,Pat Perez,Rafael Cabrera Bello,Kevin Chappell,Xander Schauffele
,Holden 3,Phil Mickelson,Justin Rose,Paul Casey,Patrick Cantlay,Pat Perez,Rafael Cabrera Bello,Charley Hoffman,Tony Finau
,DukeDad,Dustin Johnson,Rory McIlroy,Hideki Matsuyama,Marc Leishman,Brian Harman,Adam Scott,Louis Oosthuizen,Xander Schauffele
,East Dillon Lions,Dustin Johnson,Bubba Watson,Justin Thomas,Louis Oosthuizen,Matt Kuchar,Adam Scott,Thomas Pieters,Tony Finau
,Hartwell1,Jordan Spieth,Rory McIlroy,Dustin Johnson,Xander Schauffele,Ian Poulter,Patrick Reed,Matt Kuchar,Adam Scott
,taysteck,Justin Rose,Jordan Spieth,Dustin Johnson,Xander Schauffele,Adam Scott,Bryson DeChambeau,Matt Kuchar,Patrick Reed
,Hartwell2,Jordan Spieth,Sergio Garcia,Phil Mickelson,Xander Schauffele,Tyrrell Hatton,Louis Oosthuizen,Marc Leishman,Thomas Pieters
,GidirchiGolf,Paul Casey,Daniel Berger,Adam Hadwin,Patrick Cantlay,Tony Finau,Justin Thomas,Alex Noren,Bryson DeChambeau
,Chris and Herm,Tiger Woods,Henrik Stenson,Jordan Spieth,Charley Hoffman,Patrick Reed,Matt Kuchar,Branden Grace,Xander Schauffele
,Baumer,Phil Mickelson,Tony Finau,Matt Kuchar,Jordan Spieth,Justin Rose,Brian Harman,Pat Perez,Patrick Reed
,Aviato,Tony Finau,Rory McIlroy,Phil Mickelson,Jordan Spieth,Adam Scott,Matt Kuchar,Ian Poulter,Patrick Reed
,Zag Nation,Marc Leishman,Louis Oosthuizen,Charley Hoffman,Xander Schauffele,Paul Casey,Justin Rose,Jordan Spieth,Matt Kuchar
,The MasterBatters,Tiger Woods,Dustin Johnson,Bubba Watson,Bryson DeChambeau,Zach Johnson,Vijay Singh,Jhonattan Vegas,Xander Schauffele
,Dwight,Justin Thomas,Bubba Watson,Justin Rose,Kiradech Aphibarnrat,Xander Schauffele,Tyrrell Hatton,Ian Poulter,Matt Kuchar
,Putt Stuff,Tony Finau,Austin Cook,Rickie Fowler,Jordan Spieth,Justin Thomas,Ian Poulter,Matt Kuchar,Kevin Kisner
,Jammy2x,Paul Casey,Hideki Matsuyama,Tiger Woods,Ian Poulter,Marc Leishman,Kevin Chappell,Xander Schauffele,Bryson DeChambeau
,Skip The Fore Play,Xander Schauffele,Adam Scott,Ian Poulter,Daniel Berger,Matt Kuchar,Jordan Spieth,Tiger Woods,Justin Rose
,Colts Brooks Koepka 1,Justin Thomas,Phil Mickelson,Jason Day,Patton Kizzire,Brendan Steele,Kevin Kisner,Branden Grace,Thomas Pieters
,Colts Brooks Koepka 2,Bubba Watson,Dustin Johnson,Rory McIlroy,Xander Schauffele,Brian Harman,Rafael Cabrera Bello,Kiradech Aphibarnrat,Daniel Berger
,Masters Not Disasters,Tiger Woods,Rory McIlroy,Jordan Spieth,Xander Schauffele,Bryson DeChambeau,Louis Oosthuizen,Pat Perez,Webb Simpson
,Charles Duvall,Phil Mickelson,Jordan Spieth,Justin Thomas,Tony Finau,Kevin Kisner,Kiradech Aphibarnrat,Charley Hoffman,Matt Kuchar
,NashHogs1,Jordan Spieth,Dustin Johnson,Justin Thomas,Xander Schauffele,Tyrrell Hatton,Marc Leishman,Rafael Cabrera Bello,Matt Kuchar
,"Reuben, are you for scuba?",Jordan Spieth,Justin Thomas,Justin Rose,Matt Kuchar,Thomas Pieters,Russell Henley,Kevin Chappell,Tony Finau
,Brosen5,Matthew Fitzpatrick,Ryan Moore,Matt Kuchar,Marc Leishman,Li Haotong,Rickie Fowler,Rory McIlroy,Justin Rose
,romo88,Tony Finau,Paul Casey,Dustin Johnson,Rory McIlroy,Marc Leishman,Bryson DeChambeau,Charley Hoffman,Patrick Reed
,Captain Fat Reed,Justin Rose,Jordan Spieth,Phil Mickelson,Matt Kuchar,Kevin Chappell,Patrick Reed,Marc Leishman,Tony Finau
,romo88-1,Phil Mickelson,Justin Rose,Tiger Woods,Xander Schauffele,Patrick Cantlay,Daniel Berger,Ian Poulter,Matt Kuchar
,Beowulf,Jordan Spieth,Justin Thomas,Dustin Johnson,Austin Cook,Patrick Cantlay,Daniel Berger,Bryson DeChambeau,Rafael Cabrera Bello
,DB,Rory McIlroy,Bubba Watson,Justin Rose,Tony Finau,Kiradech Aphibarnrat,Zach Johnson,Patrick Reed,Matt Kuchar
,gaheflin,Tiger Woods,Jason Day,Patrick Cantlay,Dustin Johnson,Shubhankar Sharma,Daniel Berger,Patrick Reed,Thomas Pieters
,Hickey Golf Team,Tiger Woods,Phil Mickelson,Rickie Fowler,Xander Schauffele,Adam Scott,Kevin Kisner,Rafael Cabrera Bello,Ryan Moore
,Nate Davis,Justin Thomas,Tiger Woods,Dustin Johnson,Shubhankar Sharma,Cameron Smith,Marc Leishman,Tony Finau,Thomas Pieters
,jlamps,Jordan Spieth,Phil Mickelson,Justin Rose,Kiradech Aphibarnrat,Adam Hadwin,Adam Scott,Charl Schwartzel,Tony Finau
,Trefs Masters Picks,Jordan Spieth,Bubba Watson,Rory McIlroy,Kiradech Aphibarnrat,Zach Johnson,Matt Kuchar,Louis Oosthuizen,Tony Finau
,Tim Donnally,Zach Johnson,Phil Mickelson,Rickie Fowler,Louis Oosthuizen,Matt Kuchar,Xander Schauffele,Justin Rose,Daniel Berger
,Pura Vida,Justin Rose,Bubba Watson,Justin Thomas,Louis Oosthuizen,Tyrrell Hatton,Adam Scott,Xander Schauffele,Marc Leishman
,Fly The W,Tiger Woods,Justin Thomas,Rory McIlroy,Adam Scott,Louis Oosthuizen,Ian Poulter,Doug Ghim,Charley Hoffman
,Elin's 3 Wood,Austin Cook,Jason Dufner,Brian Harman,Louis Oosthuizen,Ian Poulter,Jordan Spieth,Bubba Watson,Tiger Woods
,McDaniels' Man,Fred Couples,Adam Scott,Martin Kaymer,Matt Kuchar,Henrik Stenson,Tiger Woods,Jordan Spieth,Xander Schauffele
,"But she signed an NDA, wtf",Rickie Fowler,Jordan Spieth,Phil Mickelson,Daniel Berger,Xander Schauffele,Kiradech Aphibarnrat,Charley Hoffman,Patrick Reed
,Elin's 5 Wood,Jason Day,Rory McIlroy,Dustin Johnson,Zach Johnson,Matt Kuchar,Patrick Reed,Adam Scott,Xander Schauffele
,Handle City ,Dustin Johnson,Justin Rose,Jordan Spieth,Bryson DeChambeau,Zach Johnson,Daniel Berger,Adam Scott,Doc Redman
,Rough Putters,Paul Casey,Rory McIlroy,Justin Thomas,Patrick Cantlay,Marc Leishman,Rafael Cabrera Bello,Charley Hoffman,Tony Finau
,HoledIt69,Jordan Spieth,Justin Thomas,Bubba Watson,Thomas Pieters,Patrick Cantlay,Xander Schauffele,Jason Dufner,Charl Schwartzel
,Handler Nation ,Dustin Johnson,Justin Thomas,Tiger Woods,Bryson DeChambeau,Zach Johnson,Branden Grace,Charley Hoffman,Doc Redman
,Donte's Inferno,Louis Oosthuizen,Tony Finau,Patrick Reed,Dustin Johnson,Sergio Garcia,Adam Scott,Charl Schwartzel,Paul Casey
,The Gang Commits Insider Trading,Tiger Woods,Phil Mickelson,Justin Thomas,Zach Johnson,Louis Oosthuizen,Jason Dufner,Adam Scott,Shubhankar Sharma
,Team FORE,Tiger Woods,Phil Mickelson,Doc Redman,Zach Johnson,Matthew Fitzpatrick,Marc Leishman,Vijay Singh,Jordan Spieth
,Molyneaux1,Dustin Johnson,Jordan Spieth,Jason Day,Tony Finau,Bryson DeChambeau,Matt Kuchar,Adam Scott,Thomas Pieters
,Molyneaux2,Tiger Woods,Phil Mickelson,Alex Noren,Wesley Bryan,Charley Hoffman,Matt Kuchar,Zach Johnson,Marc Leishman
,Vijay’s Back,Tony Finau,Rickie Fowler,Justin Thomas,Dustin Johnson,Matt Kuchar,Adam Scott,Jimmy Walker,Louis Oosthuizen
,Darwin,Zach Johnson,Tony Finau,Rory McIlroy,Adam Scott,Jordan Spieth,Tiger Woods,Jason Dufner,Adam Hadwin
,MastersBettingLegend,Rory McIlroy,Tiger Woods,Phil Mickelson,Adam Scott,Rafael Cabrera Bello,Matt Kuchar,Louis Oosthuizen,Li Haotong
,Brendan McTague,Tony Finau,Rory McIlroy,Justin Rose,Justin Thomas,Bryson DeChambeau,Patrick Reed,Matt Kuchar,Kevin Kisner
,light the candle,Tony Finau,Matt Kuchar,Jason Day,Tiger Woods,Dustin Johnson,Jimmy Walker,Ian Poulter,Rafael Cabrera Bello
,moose droppings,Justin Thomas,Rory McIlroy,Xander Schauffele,Jordan Spieth,Matt Kuchar,Patrick Cantlay,Adam Scott,Charl Schwartzel
,Andy's Candy,Jordan Spieth,Dustin Johnson,Justin Rose,Tony Finau,Matt Kuchar,Patrick Cantlay,Patrick Reed,Bryson DeChambeau
,Sobiesk,Jordan Spieth,Thomas Pieters,Tiger Woods,Jon Rahm,Matt Kuchar,Tony Finau,Adam Scott,Patrick Cantlay
,Dustin's Nose,Justin Rose,Rickie Fowler,Hideki Matsuyama,Xander Schauffele,Adam Scott,Matt Kuchar,Bryson DeChambeau,Thomas Pieters
,CBRANDT 1,Tiger Woods,Jordan Spieth,Dustin Johnson,Adam Scott,Charley Hoffman,Louis Oosthuizen,Patrick Reed,Tony Finau
,Durnad,Marc Leishman,Xander Schauffele,Louis Oosthuizen,Justin Thomas,Tony Finau,Jordan Spieth,Thomas Pieters,Justin Rose
,Shanksville,Bryson DeChambeau,Matt Kuchar,Adam Scott,Louis Oosthuizen,Tony Finau,Rory McIlroy,Phil Mickelson,Jordan Spieth
,GregHayes,Jordan Spieth,Tommy Fleetwood,Justin Rose,Kiradech Aphibarnrat,Patrick Cantlay,Kevin Chappell,Louis Oosthuizen,Xander Schauffele
,Pimento Cheese Sandwich,Xander Schauffele,Rory McIlroy,Bubba Watson,Tiger Woods,Matt Kuchar,Patrick Reed,Ian Poulter,Adam Scott
,ghanley,Justin Rose,Jordan Spieth,Matt Kuchar,Kevin Kisner,Bubba Watson,Xander Schauffele,Kevin Chappell,Adam Scott
,Knibb High Football Rules,Xander Schauffele,Rickie Fowler,Justin Rose,Justin Thomas,Matt Kuchar,Charl Schwartzel,Rafael Cabrera Bello,Louis Oosthuizen
,TIGER,Tiger Woods,Daniel Berger,Tony Finau,Rickie Fowler,Alex Noren,Thomas Pieters,Louis Oosthuizen,Webb Simpson
,Burch5,Dustin Johnson,Justin Thomas,Jon Rahm,Matt Kuchar,Marc Leishman,Tyrrell Hatton,Patrick Reed,Tony Finau
,Thundercocks,Rory McIlroy,Tiger Woods,Justin Rose,Zach Johnson,Matt Kuchar,Thomas Pieters,Adam Scott,Tony Finau
,CSparno1,Justin Rose,Dustin Johnson,Tiger Woods,Charl Schwartzel,Tyrrell Hatton,Patrick Reed,Thomas Pieters,Li Haotong
,SobiEscobar,Patrick Reed,Dustin Johnson,Jordan Spieth,Bubba Watson,Kevin Kisner,Thomas Pieters,Patton Kizzire,Matt Kuchar
,Faustalinni,Tommy Fleetwood,Jordan Spieth,Dustin Johnson,Xander Schauffele,Louis Oosthuizen,Matt Kuchar,Thomas Pieters,Daniel Berger
,SHLEMMMMM THE JUUL,Tiger Woods,Rory McIlroy,Rickie Fowler,Kevin Kisner,Patrick Cantlay,Charley Hoffman,Xander Schauffele,Thomas Pieters
,Knibb High Football Rules 2,Dustin Johnson,Hideki Matsuyama,Phil Mickelson,Xander Schauffele,Matt Kuchar,Bryson DeChambeau,Adam Scott,Louis Oosthuizen
,jderdak3,Tiger Woods,Rory McIlroy,Jordan Spieth,Thomas Pieters,Matt Kuchar,Tony Finau,Kevin Chappell,Ryan Moore
,Rory's Grand Slam,Rory McIlroy,Justin Rose,Justin Thomas,Joaquin Niemann,Zach Johnson,Russell Henley,Kevin Chappell,Charl Schwartzel
,Faustalinni2,Jason Day,Bubba Watson,Tiger Woods,Tony Finau,Daniel Berger,Louis Oosthuizen,Fred Couples,Patrick Reed
,sobie,Patton Kizzire,Bubba Watson,Jordan Spieth,Dustin Johnson,Patrick Reed,Brian Harman,Matt Kuchar,Bryson DeChambeau
,buzzbaitlove,Jordan Spieth,Kevin Kisner,Jason Day,Phil Mickelson,Matt Kuchar,Zach Johnson,Louis Oosthuizen,Patton Kizzire
,CSparno2,Justin Thomas,Jon Rahm,Alex Noren,Xander Schauffele,Kevin Kisner,Matt Kuchar,Brian Harman,Branden Grace
,DMOs PEDs,Tiger Woods,Li Haotong,Justin Rose,Dustin Johnson,Jason Dufner,Louis Oosthuizen,Matt Kuchar,Thomas Pieters
,Team Cantlay Up ,Tony Finau,Justin Rose,Patrick Cantlay,Justin Thomas,Thomas Pieters,Marc Leishman,Louis Oosthuizen,Jordan Spieth
,Rock Chalk,Charley Hoffman,Dustin Johnson,Zach Johnson,Jason Day,Xander Schauffele,Gary Woodland,Matt Kuchar,Justin Rose
,How Are Ya Spec 1,Jordan Spieth,Justin Thomas,Rory McIlroy,Matt Kuchar,Patrick Reed,Adam Scott,Ian Poulter,Tony Finau
,Pat Clayton,Justin Thomas,Jordan Spieth,Tiger Woods,Matt Kuchar,Kevin Kisner,Marc Leishman,Ian Poulter,Tony Finau
,TL-2,Justin Rose,Rory McIlroy,Dustin Johnson,Xander Schauffele,Louis Oosthuizen,Patrick Reed,Daniel Berger,Ian Poulter
,Can,Rickie Fowler,Phil Mickelson,Jordan Spieth,Adam Scott,Charley Hoffman,Fred Couples,Louis Oosthuizen,Doc Redman
,TP 42,Rory McIlroy,Justin Rose,Jordan Spieth,Xander Schauffele,Thomas Pieters,Kevin Kisner,Matt Kuchar,Kevin Chappell
,Doozer ,Jordan Spieth,Justin Thomas,Rickie Fowler,Tony Finau,Kiradech Aphibarnrat,Brian Harman,Kevin Kisner,Webb Simpson
,The Legend of Bergen County ,Tiger Woods,Patrick Reed,Ian Poulter,Jhonattan Vegas,Dustin Johnson,Shubhankar Sharma,Marc Leishman,Rickie Fowler
,Journick2012,Dustin Johnson,Rory McIlroy,Jordan Spieth,Matt Kuchar,Louis Oosthuizen,Ian Poulter,Ryan Moore,Xander Schauffele
,Sandy Pars,Rory McIlroy,Justin Rose,Tommy Fleetwood,Xander Schauffele,Patrick Cantlay,Matt Kuchar,Thomas Pieters,Louis Oosthuizen
,TP 4242,Jason Day,Rickie Fowler,Dustin Johnson,Tony Finau,Branden Grace,Tyrrell Hatton,Charley Hoffman,Marc Leishman
,Halco,Hideki Matsuyama,Jordan Spieth,Dustin Johnson,Tony Finau,Bryson DeChambeau,Zach Johnson,Patrick Reed,Adam Scott
,SlipperyPete1,Phil Mickelson,Rory McIlroy,Rickie Fowler,Ian Poulter,Ryan Moore,Matt Kuchar,Louis Oosthuizen,Dylan Frittelli
,McWright ,Justin Thomas,Tiger Woods,Justin Rose,Matt Kuchar,Adam Scott,Patton Kizzire,Marc Leishman,Patrick Reed
,Team Magan,Tiger Woods,Jordan Spieth,Justin Thomas,Adam Scott,Matt Kuchar,Patrick Reed,Thomas Pieters,Austin Cook
,Halco 2,Bubba Watson,Jason Day,Rory McIlroy,Tony Finau,Jason Dufner,Charley Hoffman,Matt Kuchar,Thomas Pieters
,How Are Ya Spec #2,Tiger Woods,Dustin Johnson,Justin Thomas,Bryson DeChambeau,Ian Poulter,Matt Kuchar,Patrick Reed,Tony Finau
,TL-going rogue,Justin Thomas,Dustin Johnson,Tommy Fleetwood,Gary Woodland,Bryson DeChambeau,Tony Finau,Pat Perez,Ian Poulter
,DrewGoldfarb,Tiger Woods,Rickie Fowler,Dustin Johnson,Bryson DeChambeau,Matt Kuchar,Patrick Reed,Louis Oosthuizen,Doc Redman
,schrenk,Justin Rose,Jordan Spieth,Justin Thomas,Thomas Pieters,Matt Kuchar,Adam Scott,Bryson DeChambeau,Doc Redman
,9th Green At 9,Tiger Woods,Jordan Spieth,Rory McIlroy,Kevin Chappell,Russell Henley,Adam Hadwin,Matt Kuchar,Xander Schauffele
,KevinMacLachlan,Dustin Johnson,Justin Thomas,Paul Casey,Tony Finau,Charley Hoffman,Bryson DeChambeau,Zach Johnson,Ian Poulter
,Best of the South,Bubba Watson,Jordan Spieth,Dustin Johnson,Ryan Moore,Harry Ellis,Angel Cabrera,Vijay Singh,Matt Kuchar
,Cheezers,Tony Finau,Jordan Spieth,Jason Day,Phil Mickelson,Bryson DeChambeau,Charley Hoffman,Louis Oosthuizen,Matt Kuchar
,IMSCHROGOOD,Bubba Watson,Rory McIlroy,Justin Rose,Matt Kuchar,Marc Leishman,Tyrrell Hatton,Kevin Kisner,Patton Kizzire
,BDE,Tiger Woods,Jordan Spieth,Rickie Fowler,Tony Finau,Marc Leishman,Patrick Reed,Charley Hoffman,Adam Scott
,Cheezers2,Xander Schauffele,Bubba Watson,Justin Rose,Justin Thomas,Ian Poulter,Adam Scott,Thomas Pieters,Ryan Moore
,IMSCHROGOOD2,Paul Casey,Justin Thomas,Justin Rose,Xander Schauffele,Charl Schwartzel,Russell Henley,Charley Hoffman,Thomas Pieters
,Smith 1,Rory McIlroy,Justin Thomas,Justin Rose,Matt Kuchar,Louis Oosthuizen,Adam Scott,Thomas Pieters,Tony Finau
,Smith 2,Bubba Watson,Dustin Johnson,Jordan Spieth,Matt Kuchar,Louis Oosthuizen,Adam Scott,Thomas Pieters,Tony Finau
,James Lyndsay,Rory McIlroy,Jordan Spieth,Justin Rose,Matt Kuchar,Marc Leishman,Thomas Pieters,Zach Johnson,Tony Finau
,Mulligan McGee,Rory McIlroy,Jason Day,Henrik Stenson,Branden Grace,Matt Kuchar,Charley Hoffman,Francesco Molinari,Tony Finau
,Mid-Iron McGee,Tiger Woods,Justin Rose,Phil Mickelson,Louis Oosthuizen,Bryson DeChambeau,Jason Dufner,Adam Scott,Xander Schauffele
,InKuchweTrust,Rickie Fowler,Jordan Spieth,Rory McIlroy,Xander Schauffele,Matt Kuchar,Marc Leishman,Billy Horschel,Kevin Kisner
,Jeff Smith,Rory McIlroy,Bubba Watson,Phil Mickelson,Ian Poulter,Fred Couples,Charl Schwartzel,Louis Oosthuizen,Matt Parziale
,Brett Schulz,Rory McIlroy,Tiger Woods,Jon Rahm,Ian Poulter,Marc Leishman,Charley Hoffman,Rafael Cabrera Bello,Tony Finau
,Will Gahagan 1,Justin Rose,Tiger Woods,Jordan Spieth,Tony Finau,Ian Poulter,Patrick Reed,Russell Henley,Cameron Smith
,Will Gahagan 2,Tiger Woods,Rory McIlroy,Justin Rose,Tony Finau,Ian Poulter,Patrick Cantlay,Kevin Kisner,Francesco Molinari
,Will Gahagan 3,Tiger Woods,Dustin Johnson,Phil Mickelson,Tony Finau,Ian Poulter,Kevin Kisner,Matt Kuchar,Branden Grace
,Amory Davis 1,Tiger Woods,Rory McIlroy,Phil Mickelson,Tony Finau,Ian Poulter,Kevin Kisner,Matt Kuchar,Russell Henley
,Amory Davis 2,Tiger Woods,Dustin Johnson,Jordan Spieth,Tony Finau,Ian Poulter,Kevin Kisner,Matt Kuchar,Francesco Molinari
,Amory Davis 3,Tiger Woods,Rory McIlroy,Dustin Johnson,Tony Finau,Ian Poulter,Kevin Kisner,Matt Kuchar,Russell Henley
,Mike Marquardt,Tiger Woods,Jordan Spieth,Justin Rose,Louis Oosthuizen,Matt Kuchar,Adam Scott,Thomas Pieters,Tony Finau