,,,,,,,,
Phuck Philz,Eddie Pepperell,Jordan Spieth,Rory McIlroy,Jon Rahm,Si Woo Kim,Patrick Reed,Kiradech Aphibarnrat,Henrik Stenson
TheDiddler,Lucas Bjerregaard,Paul Casey,Rory McIlroy,Justin Rose,Ian Poulter,Matt Kuchar,Marc Leishman,Gary Woodland
TheDiddler 2,Keith Mitchell,Rory McIlroy,Justin Rose,Dustin Johnson,Kevin Kisner,Li Haotong,Matt Kuchar,Patrick Cantlay
Reiss 1,Matt Wallace,Rory McIlroy,Jon Rahm,Rickie Fowler,Marc Leishman,Matt Kuchar,Alexander Noren,Webb Simpson
Reiss 2,Matt Wallace,Bubba Watson,Rory McIlroy,Hideki Matsuyama,Marc Leishman,Branden Grace,Ian Poulter,Jimmy Walker
Twell1,Eddie Pepperell,Paul Casey,Tony Finau,Xander Schauffele,Marc Leishman,Cameron Smith,Charley Hoffman,Ian Poulter
Mdlyons91,Lucas Bjerregaard,Rory McIlroy,Rickie Fowler,Tiger Woods,Matt Kuchar,Charley Hoffman,Kevin Kisner,Brandt Snedeker
Candyman,Matt Wallace,Tommy Fleetwood,Jordan Spieth,Francesco Molinari,Zach Johnson,Patrick Reed,Matt Kuchar,Marc Leishman
Mdlyons91-2,Keith Mitchell,Tommy Fleetwood,Rory McIlroy,Justin Rose,Si Woo Kim,Matt Kuchar,Branden Grace,Marc Leishman
Mdlyons91-3,Eddie Pepperell,Justin Rose,Rory McIlroy,Dustin Johnson,Charley Hoffman,Marc Leishman,Ian Poulter,Matt Kuchar
Twell2,Lucas Bjerregaard,Bryson DeChambeau,Justin Rose,Rory McIlroy,Matt Kuchar,Brandt Snedeker,Li Haotong,Matthew Fitzpatrick
Rwl21,Matt Wallace,Hideki Matsuyama,Dustin Johnson,Rory McIlroy,Branden Grace,Matt Kuchar,Marc Leishman,Ian Poulter
Crackpipe,Eddie Pepperell,Tommy Fleetwood,Tiger Woods,Dustin Johnson,Matt Kuchar,Marc Leishman,Kevin Kisner,Gary Woodland
Team Eck,Eddie Pepperell,Justin Thomas,Dustin Johnson,Brooks Koepka,Kevin Kisner,Charley Hoffman,Marc Leishman,Matt Kuchar
Jbreakz,Lucas Bjerregaard,Francesco Molinari,Louis Oosthuizen,Jordan Spieth,Matt Kuchar,Henrik Stenson,Charley Hoffman,Marc Leishman
Elcid93,Kevin Tway,Rory McIlroy,Justin Rose,Tommy Fleetwood,Charles Howell III,Matt Kuchar,Kevin Kisner,Brandt Snedeker
Elcid93-2,Takumi Kanaya (a),Brooks Koepka,Jon Rahm,Justin Thomas,Matt Kuchar,J.B. Holmes,Patrick Reed,Charles Howell III
Elcid93-3,Justin Harding,Dustin Johnson,Tommy Fleetwood,Rickie Fowler,Brandt Snedeker,Kevin Kisner,Matt Kuchar,Matthew Fitzpatrick
Pritch-1,Aaron Wise,Rory McIlroy,Tiger Woods,Dustin Johnson,Matt Kuchar,Kevin Kisner,Charley Hoffman,Henrik Stenson
Spankin whitey,Eddie Pepperell,Tiger Woods,Rickie Fowler,Dustin Johnson,Patrick Cantlay,Kevin Kisner,Marc Leishman,Matt Kuchar
Rwl212,Eddie Pepperell,Rory McIlroy,Justin Rose,Jon Rahm,Charles Howell III,Patrick Cantlay,Kevin Kisner,Matt Kuchar
Maddi,Justin Harding,Hideki Matsuyama,Sergio Garcia,Dustin Johnson,Mike Weir,Rafael Cabrera Bello,Ian Poulter,Matthew Fitzpatrick
Tony the Tiger,Eddie Pepperell,Rickie Fowler,Tony Finau,Dustin Johnson,Marc Leishman,Kevin Kisner,Charley Hoffman,Matt Kuchar
DukeDad,Lucas Bjerregaard,Rickie Fowler,Dustin Johnson,Brooks Koepka,Matt Kuchar,Charley Hoffman,Kevin Na,Patrick Reed
The Big Cheese,Eddie Pepperell,Justin Rose,Tommy Fleetwood,Rory McIlroy,Matt Kuchar,Patrick Cantlay,Gary Woodland,Patrick Reed
Chaz Gardner,Eddie Pepperell,Rickie Fowler,Tommy Fleetwood,Jordan Spieth,Charl Schwartzel,Kevin Kisner,Zach Johnson,Branden Grace
I Never Flush,Lucas Bjerregaard,Rory McIlroy,Tommy Fleetwood,Rickie Fowler,Kevin Kisner,Kevin Na,Matt Kuchar,Henrik Stenson
Phiger Micklewoods,Lucas Bjerregaard,Tommy Fleetwood,Rory McIlroy,Xander Schauffele,Charles Howell III,Si Woo Kim,Matt Kuchar,Webb Simpson
Pritch-2,Eddie Pepperell,Tommy Fleetwood,Dustin Johnson,Justin Rose,Kevin Kisner,Charley Hoffman,Brandt Snedeker,Henrik Stenson
DRothe,Keith Mitchell,Jason Day,Paul Casey,Rory McIlroy,Marc Leishman,Matt Kuchar,Ian Poulter,Henrik Stenson
LBR216,Matt Wallace,Dustin Johnson,Jordan Spieth,Rory McIlroy,Marc Leishman,Matt Kuchar,Patrick Reed,Brandt Snedeker
BCWBuckeye,Eddie Pepperell,Tony Finau,Justin Rose,Rafael Cabrera Bello,Kevin Kisner,Ian Poulter,Matt Kuchar,Webb Simpson
Sterm's Worm Kind of Likes Decaf,Lucas Bjerregaard,Paul Casey,Tommy Fleetwood,Dustin Johnson,Patrick Cantlay,Matt Kuchar,Marc Leishman,Alexander Noren
Sterm's Worm Listens to Bhad Bhabie  ,Keith Mitchell,Francesco Molinari,Xander Schauffele,Dustin Johnson,Patrick Cantlay,Marc Leishman,Matt Kuchar,Henrik Stenson
Killie,Eddie Pepperell,Paul Casey,Dustin Johnson,Tommy Fleetwood,Marc Leishman,Patrick Cantlay,Kevin Kisner,Matt Kuchar
s0apman,Matt Wallace,Tony Finau,Jon Rahm,Tiger Woods,Cameron Smith,Patrick Cantlay,Henrik Stenson,Charley Hoffman
mrs. s0apman,Keith Mitchell,Hideki Matsuyama,Jon Rahm,Justin Rose,Patrick Cantlay,Charley Hoffman,Henrik Stenson,Webb Simpson
MP1027,Keith Mitchell,Rory McIlroy,Rickie Fowler,Tommy Fleetwood,Charley Hoffman,Matt Kuchar,Gary Woodland,Keegan Bradley
CB 1,Lucas Bjerregaard,Rory McIlroy,Dustin Johnson,Rickie Fowler,Charley Hoffman,Matt Kuchar,Zach Johnson,Kevin Kisner
CB 2,Kevin Tway,Jason Day,Jordan Spieth,Jon Rahm,Stewart Cink,Si Woo Kim,Patrick Reed,Henrik Stenson
CB,Lucas Bjerregaard,Rory McIlroy,Tiger Woods,Jon Rahm,Zach Johnson,Matt Kuchar,Martin Kaymer,Brandt Snedeker
Daufuskie’s Greatest,Matt Wallace,Rory McIlroy,Justin Rose,Tiger Woods,Charley Hoffman,Matt Kuchar,Rafael Cabrera Bello,Charles Howell III
Team Roast Beef,Eddie Pepperell,Justin Thomas,Brooks Koepka,Rory McIlroy,Kevin Kisner,Marc Leishman,Henrik Stenson,Brandt Snedeker
Undrinkable lie,Eddie Pepperell,Dustin Johnson,Rory McIlroy,Brooks Koepka,Kevin Kisner,Matt Kuchar,Brandt Snedeker,Patrick Reed
Undrinkable lie 2,Matt Wallace,Dustin Johnson,Brooks Koepka,Rickie Fowler,Matt Kuchar,Patrick Cantlay,Rafael Cabrera Bello,Charley Hoffman
Team JW,Matt Wallace,Rory McIlroy,Justin Rose,Paul Casey,Patrick Reed,Ian Poulter,Charles Howell III,Cameron Smith
Nashhogs,Matt Wallace,Tommy Fleetwood,Rickie Fowler,Rory McIlroy,Marc Leishman,Patrick Reed,Matt Kuchar,Rafael Cabrera Bello
Cassagne,Eddie Pepperell,Rory McIlroy,Jordan Spieth,Brooks Koepka,Matt Kuchar,Marc Leishman,Henrik Stenson,Patrick Reed
Cornell,Matt Wallace,Rory McIlroy,Dustin Johnson,Rickie Fowler,Cameron Smith,Matt Kuchar,Patrick Cantlay,Henrik Stenson
Mandus1,Viktor Hovland (a),Rickie Fowler,Justin Rose,Dustin Johnson,Henrik Stenson,Kevin Kisner,Alexander Noren,Gary Woodland
MayfReb,Eddie Pepperell,Brooks Koepka,Rory McIlroy,Francesco Molinari,Matt Kuchar,Patrick Reed,Charley Hoffman,Zach Johnson
Is this a GoFundMe for John Rahm's anger management classes?,Keith Mitchell,Justin Thomas,Justin Rose,Paul Casey,Matt Kuchar,Marc Leishman,Si Woo Kim,Gary Woodland
The Pathetics,Eddie Pepperell,Si Woo Kim,Bryson DeChambeau,Francesco Molinari,Stewart Cink,Emiliano Grillo,Charles Howell III,Vijay Singh
bbunzel,Keith Mitchell,Jordan Spieth,Dustin Johnson,Rory McIlroy,Matt Kuchar,Marc Leishman,Kevin Kisner,Charley Hoffman
SPAULDING NOOOOO,Eddie Pepperell,Rory McIlroy,Francesco Molinari,Tommy Fleetwood,Matt Kuchar,Charl Schwartzel,Marc Leishman,Charley Hoffman
bbunzel2,Eddie Pepperell,Rickie Fowler,Brooks Koepka,Justin Rose,Rafael Cabrera Bello,Matt Kuchar,Cameron Smith,Patrick Reed
Chelsea FC,Eddie Pepperell,Dustin Johnson,Justin Thomas,Justin Rose,Keegan Bradley,Kevin Kisner,Cameron Smith,Matt Kuchar
Brady's Mom,Aaron Wise,Rory McIlroy,Sergio Garcia,Justin Rose,Gary Woodland,Kevin Kisner,Patrick Reed,Zach Johnson
Phil Spackler,Matt Wallace,Dustin Johnson,Francesco Molinari,Bubba Watson,Patrick Reed,Marc Leishman,Ian Poulter,Kevin Kisner
Beowulf69,Eddie Pepperell,Jordan Spieth,Brooks Koepka,Dustin Johnson,Kevin Kisner,Matt Kuchar,Gary Woodland,Henrik Stenson
Dung Go Low,Matt Wallace,Rory McIlroy,Paul Casey,Tommy Fleetwood,Kevin Kisner,Gary Woodland,Patrick Cantlay,Matt Kuchar
How do I pick Messi?,Lucas Bjerregaard,Jon Rahm,Dustin Johnson,Tommy Fleetwood,Gary Woodland,Patrick Cantlay,Branden Grace,Si Woo Kim
Crnk,Michael Kim,Tommy Fleetwood,Rickie Fowler,Jordan Spieth,Rafael Cabrera Bello,Henrik Stenson,Marc Leishman,Matt Kuchar
Team O'Neill,Eddie Pepperell,Rory McIlroy,Justin Rose,Jon Rahm,Patrick Cantlay,Webb Simpson,Marc Leishman,Emiliano Grillo
Rick Maynard,Aaron Wise,Rickie Fowler,Tommy Fleetwood,Tony Finau,Cameron Smith,Webb Simpson,Matt Kuchar,Patrick Cantlay
Tiger2019,Eddie Pepperell,Justin Rose,Rory McIlroy,Jordan Spieth,Matt Kuchar,Kevin Kisner,Ian Poulter,Webb Simpson
Team Hickey,Keith Mitchell,Rory McIlroy,Paul Casey,Rickie Fowler,Ian Poulter,Keegan Bradley,Brandt Snedeker,Patrick Reed
Bitches Weekend,Keith Mitchell,Dustin Johnson,Paul Casey,Adam Scott,Henrik Stenson,Matthew Fitzpatrick,Kevin Kisner,Emiliano Grillo
POFF,Eddie Pepperell,Paul Casey,Dustin Johnson,Rory McIlroy,Patrick Cantlay,Keegan Bradley,Billy Horschel,Matt Kuchar
Papa McDaniels,Matt Wallace,Tiger Woods,Dustin Johnson,Brooks Koepka,Martin Kaymer,Brandt Snedeker,Matt Kuchar,Patrick Reed
Bob Vance Vance Refrigeration ,Matt Wallace,Justin Rose,Tommy Fleetwood,Rory McIlroy,Matt Kuchar,Eddie Pepperell,Marc Leishman,Kevin Kisner
Senko1,Eddie Pepperell,Rory McIlroy,Justin Rose,Paul Casey,Marc Leishman,Matt Kuchar,Matthew Fitzpatrick,Brandt Snedeker
Senko2,Matt Wallace,Dustin Johnson,Justin Thomas,Hideki Matsuyama,Marc Leishman,Matt Kuchar,Brandt Snedeker,Li Haotong
Tom Daley,Eddie Pepperell,Paul Casey,Jordan Spieth,Brooks Koepka,Matt Kuchar,Patrick Reed,Shane Lowry,Zach Johnson
Buss Down Matsuyama,Kevin Tway,Dustin Johnson,Justin Rose,Rickie Fowler,Gary Woodland,Charley Hoffman,Zach Johnson,Charles Howell III
Ando’s Commandos I,Keith Mitchell,Tony Finau,Rory McIlroy,Dustin Johnson,Matt Kuchar,Charles Howell III,Marc Leishman,J.B. Holmes
Swing Juice,Lucas Bjerregaard,Dustin Johnson,Bubba Watson,Justin Rose,Charles Howell III,Kevin Kisner,Henrik Stenson,Cameron Smith
Swanson,Eddie Pepperell,Tiger Woods,Rory McIlroy,Francesco Molinari,Patrick Reed,Matt Kuchar,Kevin Kisner,Henrik Stenson
dempartynats,Eddie Pepperell,Rory McIlroy,Rickie Fowler,Tiger Woods,Matt Kuchar,Kevin Kisner,Charley Hoffman,Gary Woodland
dempartynats2,Eddie Pepperell,Tommy Fleetwood,Dustin Johnson,Justin Thomas,Keegan Bradley,Billy Horschel,Zach Johnson,Brandt Snedeker
Golf is boring but money isn't,Michael Kim,Brooks Koepka,Rory McIlroy,Justin Rose,Patrick Reed,Cameron Smith,Matt Kuchar,Kevin Kisner
BCWBuckeye2,Eddie Pepperell,Dustin Johnson,Rickie Fowler,Brooks Koepka,Marc Leishman,Patrick Cantlay,Matt Kuchar,Matthew Fitzpatrick
Ando’s Commandos II,Keith Mitchell,Paul Casey,Rory McIlroy,Francesco Molinari,J.B. Holmes,Marc Leishman,Matt Kuchar,Gary Woodland
My Dad thinks I will actually give him the $ if this wins,Eddie Pepperell,Rickie Fowler,Dustin Johnson,Tiger Woods,Billy Horschel,Patrick Reed,Thorbjorn Olesen,Charl Schwartzel
BCWBuckeye3,Lucas Bjerregaard,Xander Schauffele,Bryson DeChambeau,Jason Day,Keegan Bradley,Rafael Cabrera Bello,Kevin Kisner,Ian Poulter
Mook Piazza ,Matt Wallace,Dustin Johnson,Brooks Koepka,Justin Rose,Angel Cabrera,Patrick Reed,Marc Leishman,Brandt Snedeker
Allison Stokke - SHWING,Eddie Pepperell,Francesco Molinari,Rickie Fowler,Rory McIlroy,Marc Leishman,Li Haotong,J.B. Holmes,Matt Kuchar
taysteck,Eddie Pepperell,Rory McIlroy,Justin Rose,Tony Finau,Marc Leishman,Kevin Kisner,Patrick Cantlay,Matt Kuchar
Bob Niebs Sr,Keith Mitchell,Tommy Fleetwood,Rickie Fowler,Justin Thomas,Patrick Cantlay,Brandt Snedeker,Matt Kuchar,Patrick Reed
Lowc3,Kevin O&#39;Connell (a),Tiger Woods,Tommy Fleetwood,Justin Rose,Jimmy Walker,Billy Horschel,Matt Kuchar,Webb Simpson
Bob Niebs Sr 2,Aaron Wise,Rory McIlroy,Jon Rahm,Tony Finau,Branden Grace,Charley Hoffman,Kevin Kisner,Zach Johnson
Teddy Cordes,Eddie Pepperell,Tommy Fleetwood,Rickie Fowler,Rory McIlroy,Matt Kuchar,Henrik Stenson,Charley Hoffman,Kevin Kisner
Kyle Grace 1,Keith Mitchell,Justin Rose,Dustin Johnson,Rickie Fowler,Cameron Smith,Marc Leishman,Patrick Cantlay,Charley Hoffman
Lord MAF,Keith Mitchell,Brooks Koepka,Dustin Johnson,Justin Thomas,Matt Kuchar,Patrick Reed,Keegan Bradley,Zach Johnson
KAM22 ,Aaron Wise,Rory McIlroy,Adam Scott,Tiger Woods,Matt Kuchar,Marc Leishman,Charles Howell III,Kevin Kisner
Fleming 1 ,Eddie Pepperell,Justin Rose,Hideki Matsuyama,Rory McIlroy,Webb Simpson,Patrick Cantlay,Gary Woodland,Matt Kuchar
zbrill,Kevin O&#39;Connell (a),Rickie Fowler,Dustin Johnson,Jason Day,Kevin Kisner,Matt Kuchar,Charl Schwartzel,Charles Howell III
Fleming 2,Matt Wallace,Rory McIlroy,Dustin Johnson,Sergio Garcia,Kevin Kisner,Rafael Cabrera Bello,Gary Woodland,Webb Simpson
Tiger's 1 Wood,Keith Mitchell,Rory McIlroy,Jordan Spieth,Dustin Johnson,Charley Hoffman,Cameron Smith,Henrik Stenson,Keegan Bradley
Big Dick Eldrick,Keith Mitchell,Rory McIlroy,Jon Rahm,Tiger Woods,Martin Kaymer,Kevin Kisner,Marc Leishman,Gary Woodland
AJ Ross (1),Keith Mitchell,Rory McIlroy,Justin Rose,Rickie Fowler,Matt Kuchar,Keegan Bradley,Charley Hoffman,Charles Howell III
Tiger's 1 Wood - #2,Eddie Pepperell,Brooks Koepka,Tiger Woods,Justin Thomas,Matt Kuchar,Ian Poulter,Patrick Reed,Charley Hoffman
How Bout Them Flowering Crab Apples?,Eddie Pepperell,Rory McIlroy,Tiger Woods,Tommy Fleetwood,Charley Hoffman,Marc Leishman,Matt Kuchar,Henrik Stenson
Bushwood CC,Keith Mitchell,Dustin Johnson,Rory McIlroy,Francesco Molinari,Patrick Cantlay,Matt Kuchar,Gary Woodland,Kevin Kisner
The Putt Sniffers,Eddie Pepperell,Justin Rose,Rickie Fowler,Jordan Spieth,Matthew Fitzpatrick,Cameron Smith,Matt Kuchar,Henrik Stenson
TL Doug,Matt Wallace,Rory McIlroy,Dustin Johnson,Justin Thomas,Cameron Smith,Matt Kuchar,Marc Leishman,Patrick Reed
AJ Ross (2),Matt Wallace,Tommy Fleetwood,Hideki Matsuyama,Rory McIlroy,Matt Kuchar,Keegan Bradley,Ian Poulter,Patrick Cantlay
GATORO,Kevin O&#39;Connell (a),Paul Casey,Rory McIlroy,Jordan Spieth,Zach Johnson,Stewart Cink,Brandt Snedeker,Matt Kuchar
Will Plumb,Lucas Bjerregaard,Louis Oosthuizen,Hideki Matsuyama,Jon Rahm,Matt Kuchar,Gary Woodland,Patrick Cantlay,Marc Leishman
BD Eldrick ,Aaron Wise,Dustin Johnson,Justin Rose,Francesco Molinari,Brandt Snedeker,Cameron Smith,Patrick Cantlay,Charley Hoffman
JROB1,Keith Mitchell,Dustin Johnson,Rory McIlroy,Justin Rose,Matt Kuchar,Ian Poulter,Brandt Snedeker,Marc Leishman
JROB2,Aaron Wise,Bryson DeChambeau,Rory McIlroy,Justin Rose,Webb Simpson,Kevin Na,Ian Poulter,Branden Grace
Salt n Pepperell,Eddie Pepperell,Justin Thomas,Rory McIlroy,Francesco Molinari,Patrick Reed,Branden Grace,Kiradech Aphibarnrat,Shane Lowry
Peter Dolan,Lucas Bjerregaard,Rory McIlroy,Dustin Johnson,Justin Thomas,Matt Kuchar,Charley Hoffman,Patrick Reed,Brandt Snedeker
Mandus2,Eddie Pepperell,Rory McIlroy,Justin Rose,Tiger Woods,Henrik Stenson,Ian Poulter,Patrick Cantlay,Si Woo Kim
Droti313-1,Eddie Pepperell,Tiger Woods,Rickie Fowler,Justin Rose,Henrik Stenson,Matt Kuchar,Patrick Reed,Marc Leishman
Thomas Mckeown 1 ,Matt Wallace,Dustin Johnson,Rory McIlroy,Francesco Molinari,Patrick Cantlay,Branden Grace,Kevin Kisner,Alexander Noren
Droti313-2,Eddie Pepperell,Rickie Fowler,Tiger Woods,Justin Rose,Patrick Reed,Si Woo Kim,Henrik Stenson,Charley Hoffman
Thomas McKeown 2 ,Matt Wallace,Dustin Johnson,Rory McIlroy,Francesco Molinari,Matt Kuchar,Charles Howell III,Billy Horschel,Patrick Reed
JoeyP,Lucas Bjerregaard,Brooks Koepka,Tiger Woods,Francesco Molinari,Kevin Kisner,Matt Kuchar,Charley Hoffman,Keegan Bradley
JRCigar,Keith Mitchell,Francesco Molinari,Jordan Spieth,Rory McIlroy,Si Woo Kim,Charley Hoffman,Lucas Bjerregaard,Kevin Kisner
Grodzilla,Eddie Pepperell,Tiger Woods,Dustin Johnson,Rory McIlroy,Matt Kuchar,Patrick Reed,Jimmy Walker,Billy Horschel
SCHROLE IN ONE ,Aaron Wise,Rickie Fowler,Justin Rose,Rory McIlroy,Charley Hoffman,Matthew Fitzpatrick,Kevin Kisner,Matt Kuchar
Turd Ferguson ,Eddie Pepperell,Hideki Matsuyama,Paul Casey,Tiger Woods,Patrick Cantlay,Charley Hoffman,Gary Woodland,Branden Grace
DRothe 2,Lucas Bjerregaard,Tiger Woods,Justin Rose,Hideki Matsuyama,Patrick Reed,Rafael Cabrera Bello,Brandt Snedeker,Charley Hoffman
Kaz 1,Lucas Bjerregaard,Dustin Johnson,Tiger Woods,Rickie Fowler,Henrik Stenson,Charley Hoffman,Matt Kuchar,Si Woo Kim
Kaz 2 ,Lucas Bjerregaard,Rory McIlroy,Jordan Spieth,Jason Day,Charley Hoffman,Kevin Kisner,Patrick Reed,Marc Leishman
PROJ,Keith Mitchell,Tiger Woods,Francesco Molinari,Tony Finau,Webb Simpson,Jimmy Walker,Henrik Stenson,Matthew Fitzpatrick
"Death by 1,000 Butter Cuts",Eddie Pepperell,Dustin Johnson,Hideki Matsuyama,Rory McIlroy,Marc Leishman,Kevin Kisner,Henrik Stenson,Matt Kuchar
SCHROLE IN ONE #2,Eddie Pepperell,Tommy Fleetwood,Tony Finau,Justin Rose,Ian Poulter,Marc Leishman,Gary Woodland,Zach Johnson
ChezWeinz,Eddie Pepperell,Jordan Spieth,Justin Thomas,Rickie Fowler,Rafael Cabrera Bello,Kevin Kisner,Alexander Noren,Keegan Bradley
ChezWeinz2,Aaron Wise,Tommy Fleetwood,Dustin Johnson,Jon Rahm,Charley Hoffman,Matt Kuchar,Patrick Reed,Emiliano Grillo
8===D,Lucas Bjerregaard,Justin Rose,Jason Day,Rory McIlroy,Matt Kuchar,Marc Leishman,Brandt Snedeker,Ian Poulter
Pat Reed’s Estranged Parents ,Viktor Hovland (a),Hideki Matsuyama,Brooks Koepka,Tommy Fleetwood,Marc Leishman,Henrik Stenson,Patrick Cantlay,Brandt Snedeker
AJ Ross (3),Matt Wallace,Rory McIlroy,Justin Rose,Rickie Fowler,Matt Kuchar,Si Woo Kim,Kevin Kisner,Ian Poulter
CB Germany,Lucas Bjerregaard,Rory McIlroy,Dustin Johnson,Justin Rose,Matt Kuchar,Marc Leishman,Charley Hoffman,Henrik Stenson
FU and FU y tu mama,Eddie Pepperell,Tiger Woods,Brooks Koepka,Dustin Johnson,Kevin Na,J.B. Holmes,Zach Johnson,Patrick Reed
FU y tu mama,Michael Kim,Tommy Fleetwood,Jon Rahm,Justin Rose,Fred Couples,Billy Horschel,Kevin Na,Matt Kuchar
Nico Capetola,Keith Mitchell,Bryson DeChambeau,Rickie Fowler,Jon Rahm,Gary Woodland,Ian Poulter,Rafael Cabrera Bello,Matt Kuchar
JWP 1,Eddie Pepperell,Tiger Woods,Justin Rose,Rory McIlroy,Matt Kuchar,Marc Leishman,Cameron Smith,Charley Hoffman
Jim Nantz' Toast,Eddie Pepperell,Rory McIlroy,Xander Schauffele,Louis Oosthuizen,Kiradech Aphibarnrat,Brandt Snedeker,Zach Johnson,Charley Hoffman
Sir Douglas McBuckets,Keith Mitchell,Rory McIlroy,Dustin Johnson,Justin Rose,Kevin Kisner,Si Woo Kim,Matt Kuchar,Charley Hoffman
JS ,Eddie Pepperell,Brooks Koepka,Rory McIlroy,Francesco Molinari,Kevin Kisner,Marc Leishman,Henrik Stenson,Cameron Smith
JWP 2,Lucas Bjerregaard,Jon Rahm,Dustin Johnson,Rickie Fowler,J.B. Holmes,Matt Kuchar,Ian Poulter,Marc Leishman
Sir Douglas McBuckets II,Eddie Pepperell,Phil Mickelson,Justin Rose,Jordan Spieth,Kevin Kisner,Marc Leishman,Henrik Stenson,Patrick Reed
BD,Keith Mitchell,Dustin Johnson,Rory McIlroy,Tommy Fleetwood,Matt Kuchar,Kevin Kisner,Charles Howell III,Marc Leishman
Scotty Nails,Matt Wallace,Rory McIlroy,Brooks Koepka,Tiger Woods,Gary Woodland,Matt Kuchar,Marc Leishman,Rafael Cabrera Bello
TBlev316,Keith Mitchell,Dustin Johnson,Rory McIlroy,Justin Thomas,Matt Kuchar,Patrick Cantlay,Charles Howell III,J.B. Holmes
TBlev316 2,Keith Mitchell,Dustin Johnson,Rory McIlroy,Tiger Woods,Matt Kuchar,Patrick Cantlay,Henrik Stenson,Charles Howell III
Playing for a David Giral Ortiz tip,Keith Mitchell,Rory McIlroy,Tiger Woods,Justin Rose,Matt Kuchar,Marc Leishman,Kevin Kisner,Cameron Smith
TBlev316 3,Matt Wallace,Dustin Johnson,Tommy Fleetwood,Tony Finau,Matt Kuchar,Rafael Cabrera Bello,Gary Woodland,Charley Hoffman
The Fusion Factor,Aaron Wise,Tiger Woods,Justin Rose,Francesco Molinari,Charley Hoffman,Matt Kuchar,Matthew Fitzpatrick,Si Woo Kim
Back to the Kuchar,Eddie Pepperell,Rory McIlroy,Justin Rose,Hideki Matsuyama,Matt Kuchar,Si Woo Kim,Charley Hoffman,Webb Simpson
Paulina's Personal Trainer ,Keith Mitchell,Rory McIlroy,Justin Rose,Dustin Johnson,Matt Kuchar,Henrik Stenson,Kevin Kisner,Brandt Snedeker
Rook deMarrais,Viktor Hovland (a),Rory McIlroy,Francesco Molinari,Tommy Fleetwood,Kevin Kisner,Charley Hoffman,Danny Willett,Patrick Cantlay
JLecky ,Keith Mitchell,Justin Rose,Dustin Johnson,Rory McIlroy,Matthew Fitzpatrick,Matt Kuchar,Patrick Reed,Kevin Kisner
Nicholas Faust 1,Lucas Bjerregaard,Rory McIlroy,Dustin Johnson,Tommy Fleetwood,Patrick Cantlay,Marc Leishman,Matt Kuchar,Gary Woodland
Paulina's Personal Trainer (B Squad),Eddie Pepperell,Rickie Fowler,Francesco Molinari,Paul Casey,Matthew Fitzpatrick,Kevin Na,Marc Leishman,Patrick Reed
KFBR392,Lucas Bjerregaard,Rory McIlroy,Brooks Koepka,Justin Rose,Matt Kuchar,Patrick Reed,Ian Poulter,Brandt Snedeker
JLecky2,Eddie Pepperell,Tiger Woods,Jordan Spieth,Rickie Fowler,Charley Hoffman,Keegan Bradley,J.B. Holmes,Matt Kuchar
Dslubs,Aaron Wise,Tiger Woods,Dustin Johnson,Rickie Fowler,Charley Hoffman,Keith Mitchell,Marc Leishman,Brandt Snedeker
Jennifer Kupcho's Picks,Keith Mitchell,Justin Rose,Rory McIlroy,Brooks Koepka,Marc Leishman,Charley Hoffman,Li Haotong,Henrik Stenson
Pauker1,Adam Long,Paul Casey,Rickie Fowler,Rory McIlroy,Charles Howell III,Gary Woodland,Marc Leishman,Matt Kuchar
Pauker2,Keith Mitchell,Justin Rose,Xander Schauffele,Jon Rahm,Patrick Cantlay,Matt Kuchar,Marc Leishman,Si Woo Kim
BridgetLecky ,Aaron Wise,Brooks Koepka,Justin Thomas,Jason Day,Webb Simpson,Brandt Snedeker,Charles Howell III,Ian Poulter
Ace Ventura,Keith Mitchell,Justin Thomas,Jordan Spieth,Tommy Fleetwood,Ian Poulter,Matt Kuchar,Charley Hoffman,Marc Leishman
Pauker3 ,Eddie Pepperell,Dustin Johnson,Brooks Koepka,Tiger Woods,Rafael Cabrera Bello,Kevin Kisner,Webb Simpson,Matt Kuchar
Oz the Wizard,Kevin Tway,Rory McIlroy,Justin Thomas,Rickie Fowler,Kevin Kisner,Matt Kuchar,Gary Woodland,Brandt Snedeker
Sacko1,Shugo Imahira,Dustin Johnson,Rory McIlroy,Justin Rose,Henrik Stenson,Tyrrell Hatton,Marc Leishman,Kyle Stanley
Sacko2,Shugo Imahira,Rory McIlroy,Rickie Fowler,Brooks Koepka,Kyle Stanley,Henrik Stenson,Tyrrell Hatton,Kevin Na
Sacko3,Alvaro Ortiz (a),Tony Finau,Brooks Koepka,Rickie Fowler,Tyrrell Hatton,Henrik Stenson,Kyle Stanley,Branden Grace
Munkenbeck,Eddie Pepperell,Dustin Johnson,Rory McIlroy,Tiger Woods,Charley Hoffman,Marc Leishman,Matt Kuchar,Henrik Stenson
Aaron Thomas,Matt Wallace,Hideki Matsuyama,Paul Casey,Justin Rose,Matt Kuchar,Jimmy Walker,Ian Poulter,Gary Woodland
PR's squad,Keith Mitchell,Rory McIlroy,Francesco Molinari,Bryson DeChambeau,Brandt Snedeker,Matt Kuchar,Marc Leishman,Ian Poulter
RileyHub,Adam Long,Dustin Johnson,Bryson DeChambeau,Hideki Matsuyama,Charley Hoffman,Patrick Reed,Marc Leishman,Henrik Stenson
Kusterman's Picks,Matt Wallace,Rory McIlroy,Justin Rose,Jordan Spieth,Matt Kuchar,Patrick Reed,Marc Leishman,Kevin Kisner
Nicklaus' Time,Keith Mitchell,Tommy Fleetwood,Justin Thomas,Jordan Spieth,Keegan Bradley,J.B. Holmes,Patrick Cantlay,Brandt Snedeker
Nicklaus' Green Jacket,Matt Wallace,Phil Mickelson,Bubba Watson,Tiger Woods,Cameron Smith,Gary Woodland,Charles Howell III,Kevin Kisner
Jeff Stelianou,Andrew Landry,Tommy Fleetwood,Rory McIlroy,Justin Rose,Marc Leishman,Matt Kuchar,Rafael Cabrera Bello,Patrick Reed
Damarcus828,Keith Mitchell,Rory McIlroy,Phil Mickelson,Jordan Spieth,Si Woo Kim,Matt Kuchar,Charley Hoffman,Patrick Reed
Nicklaus' Putter Raise,Adam Long,Brooks Koepka,Dustin Johnson,Jason Day,Emiliano Grillo,Gary Woodland,Li Haotong,Henrik Stenson
Kmondschein,Keith Mitchell,Rory McIlroy,Dustin Johnson,Justin Rose,Henrik Stenson,Matt Kuchar,J.B. Holmes,Marc Leishman
Dchefwalker,Eddie Pepperell,Tommy Fleetwood,Rickie Fowler,Dustin Johnson,Matt Kuchar,Si Woo Kim,Keegan Bradley,Cameron Smith
Chefwalker2,Andrew Landry,Brooks Koepka,Rory McIlroy,Tiger Woods,Charley Hoffman,Charles Howell III,Matt Kuchar,Kevin Kisner
Jason Merritt,Matt Wallace,Louis Oosthuizen,Jason Day,Justin Rose,Kevin Kisner,Matt Kuchar,Branden Grace,Charley Hoffman
#liveunderpar,Aaron Wise,Dustin Johnson,Rory McIlroy,Tiger Woods,Charley Hoffman,Kevin Kisner,Bernhard Langer,Patrick Cantlay
hickey69,Eddie Pepperell,Rickie Fowler,Tiger Woods,Jordan Spieth,Matthew Fitzpatrick,Branden Grace,Keegan Bradley,Cameron Smith
Team Hickey 2,Eddie Pepperell,Tiger Woods,Francesco Molinari,Rory McIlroy,Matt Kuchar,Kiradech Aphibarnrat,Charley Hoffman,Webb Simpson
The Big Poofs,Eddie Pepperell,Francesco Molinari,Tommy Fleetwood,Justin Rose,Matt Kuchar,Gary Woodland,Marc Leishman,Cameron Smith
Jason Merritt 2,Aaron Wise,Tiger Woods,Justin Thomas,Dustin Johnson,Matt Kuchar,Henrik Stenson,Keegan Bradley,Tyrrell Hatton
Pond Scum,Matt Wallace,Dustin Johnson,Rory McIlroy,Tiger Woods,Matt Kuchar,Patrick Reed,Marc Leishman,Kevin Kisner
Dillon L-J ,Aaron Wise,Dustin Johnson,Tommy Fleetwood,Rickie Fowler,Zach Johnson,Charl Schwartzel,Brandt Snedeker,Matt Kuchar
Jason Merritt 3,Keith Mitchell,Brooks Koepka,Rory McIlroy,Phil Mickelson,Branden Grace,Gary Woodland,Marc Leishman,Zach Johnson
Dillon L-J 2,Andrew Landry,Jon Rahm,Louis Oosthuizen,Jordan Spieth,Zach Johnson,Kevin Kisner,Webb Simpson,Danny Willett
GINO 1,Keith Mitchell,Francesco Molinari,Rickie Fowler,Tommy Fleetwood,Matt Kuchar,Patrick Reed,Keegan Bradley,Henrik Stenson
Joe Morra,Lucas Bjerregaard,Tiger Woods,Jon Rahm,Justin Rose,Matt Kuchar,Gary Woodland,Patrick Reed,Charley Hoffman
Hideki Fan Club President,Eddie Pepperell,Jordan Spieth,Rory McIlroy,Justin Rose,Marc Leishman,Kevin Kisner,Charley Hoffman,Patrick Reed
BrendanHager1,Andrew Landry,Brooks Koepka,Jordan Spieth,Xander Schauffele,Keegan Bradley,Charley Hoffman,Mike Weir,Shane Lowry
Joe Morra ,Aaron Wise,Dustin Johnson,Justin Thomas,Rickie Fowler,Marc Leishman,Si Woo Kim,Henrik Stenson,Webb Simpson
Darwin,Keith Mitchell,Justin Rose,Rory McIlroy,Justin Thomas,Kevin Kisner,J.B. Holmes,Matt Kuchar,Marc Leishman
DB,Eddie Pepperell,Paul Casey,Bryson DeChambeau,Rory McIlroy,Marc Leishman,Fred Couples,Kevin Kisner,Charley Hoffman
Mdavis1,Lucas Bjerregaard,Rickie Fowler,Francesco Molinari,Paul Casey,Charley Hoffman,Matt Kuchar,Marc Leishman,Zach Johnson
derdak94,Eddie Pepperell,Rickie Fowler,Dustin Johnson,Rory McIlroy,Matt Kuchar,Charles Howell III,Matthew Fitzpatrick,Kevin Kisner
ARomeo579,Lucas Bjerregaard,Dustin Johnson,Jon Rahm,Paul Casey,Matt Kuchar,Henrik Stenson,Patrick Cantlay,Jimmy Walker
ARomeo2,Justin Harding,Rory McIlroy,Jon Rahm,Tommy Fleetwood,Matt Kuchar,Henrik Stenson,Keegan Bradley,Ian Poulter
ARomeo3,Eddie Pepperell,Rory McIlroy,Justin Rose,Hideki Matsuyama,Matt Kuchar,Gary Woodland,Jimmy Walker,Charles Howell III
Ice Cold Joe 1,Lucas Bjerregaard,Dustin Johnson,Rory McIlroy,Paul Casey,Matt Kuchar,Patrick Cantlay,Webb Simpson,Gary Woodland
Ice Cold Joe 2,Keith Mitchell,Dustin Johnson,Francesco Molinari,Sergio Garcia,Matt Kuchar,Patrick Cantlay,Keegan Bradley,Matthew Fitzpatrick
Ice Cold Joe 3,Keith Mitchell,Rory McIlroy,Francesco Molinari,Paul Casey,Webb Simpson,Henrik Stenson,Charley Hoffman,Kevin Kisner
Joeba1,Lucas Bjerregaard,Justin Rose,Rory McIlroy,Tommy Fleetwood,Si Woo Kim,Keegan Bradley,Ian Poulter,Brandt Snedeker
Z Double O Seven ,Aaron Wise,Dustin Johnson,Rory McIlroy,Tiger Woods,Webb Simpson,Keegan Bradley,Ian Woosnam,Matt Kuchar
Still Double O Seven ,Adam Long,Justin Rose,Justin Thomas,Brooks Koepka,Emiliano Grillo,Charles Howell III,Bernhard Langer,Marc Leishman
MattyJack23,Matt Wallace,Justin Rose,Rory McIlroy,Paul Casey,Matt Kuchar,Cameron Smith,Si Woo Kim,Kevin Kisner
JoeBa2,Eddie Pepperell,Jon Rahm,Rickie Fowler,Justin Thomas,Jimmy Walker,Charles Howell III,Patrick Cantlay,Marc Leishman
Azz_Eatn_Czn_23,Andrew Landry,Justin Rose,Justin Thomas,Rory McIlroy,Billy Horschel,Li Haotong,Henrik Stenson,Patrick Cantlay
JoeBa3,Eddie Pepperell,Paul Casey,Dustin Johnson,Jordan Spieth,Kevin Kisner,Gary Woodland,Henrik Stenson,Matt Kuchar
Woodford Reserve 23,Matt Wallace,Dustin Johnson,Rickie Fowler,Justin Rose,Cameron Smith,Marc Leishman,Matt Kuchar,Si Woo Kim
TL Ty,Eddie Pepperell,Rory McIlroy,Hideki Matsuyama,Dustin Johnson,Webb Simpson,Marc Leishman,Patrick Cantlay,Henrik Stenson
Ken Vigilo,Viktor Hovland (a),Jon Rahm,Rickie Fowler,Xander Schauffele,Matt Kuchar,Marc Leishman,Henrik Stenson,Kevin Kisner
TP 1,Kevin Tway,Tony Finau,Xander Schauffele,Rory McIlroy,Cameron Smith,Si Woo Kim,Marc Leishman,Brandt Snedeker
Mahatma Gandhi,Matt Wallace,Dustin Johnson,Paul Casey,Brooks Koepka,Matt Kuchar,Matthew Fitzpatrick,Marc Leishman,Kiradech Aphibarnrat
TP42,Andrew Landry,Rickie Fowler,Jordan Spieth,Justin Rose,Matt Kuchar,Gary Woodland,Marc Leishman,Patrick Reed
Grant Heflin 1,Keith Mitchell,Justin Thomas,Justin Rose,Dustin Johnson,Patrick Cantlay,Matt Kuchar,Gary Woodland,Marc Leishman
Beaver Tails,Lucas Bjerregaard,Brooks Koepka,Justin Thomas,Justin Rose,Billy Horschel,Charley Hoffman,Kevin Na,Kevin Kisner
Scooter McGavin,Keith Mitchell,Justin Rose,Dustin Johnson,Justin Thomas,Matt Kuchar,Marc Leishman,Patrick Cantlay,Gary Woodland
Chili Dippin,Aaron Wise,Tommy Fleetwood,Dustin Johnson,Tiger Woods,J.B. Holmes,Emiliano Grillo,Keegan Bradley,Si Woo Kim
Revenge Of The Worm,Eddie Pepperell,Tommy Fleetwood,Rickie Fowler,Dustin Johnson,Angel Cabrera,Fred Couples,Vijay Singh,Ian Poulter
Along Came A Worm,Lucas Bjerregaard,Hideki Matsuyama,Tony Finau,Brooks Koepka,Matt Kuchar,Patrick Reed,Charley Hoffman,Charl Schwartzel
Team Heard,Eddie Pepperell,Rickie Fowler,Justin Rose,Rory McIlroy,Matt Kuchar,Marc Leishman,Cameron Smith,Henrik Stenson
Bubba's Boys,Keith Mitchell,Dustin Johnson,Brooks Koepka,Bubba Watson,Marc Leishman,Patrick Cantlay,Matt Kuchar,Patrick Reed
Jay Mergenthaler,Eddie Pepperell,Rory McIlroy,Rickie Fowler,Jon Rahm,Marc Leishman,Henrik Stenson,Webb Simpson,Charley Hoffman
Money from 120,Lucas Bjerregaard,Rory McIlroy,Dustin Johnson,Justin Rose,Marc Leishman,Cameron Smith,Charley Hoffman,Si Woo Kim
JROB 3 ,Andrew Landry,Jon Rahm,Sergio Garcia,Rickie Fowler,Gary Woodland,Charley Hoffman,Matt Kuchar,Marc Leishman
Touchdownbirds,Keith Mitchell,Rickie Fowler,Dustin Johnson,Francesco Molinari,Charley Hoffman,Matt Kuchar,Gary Woodland,Emiliano Grillo
GLoehr814,Eddie Pepperell,Rory McIlroy,Francesco Molinari,Justin Rose,Matt Kuchar,Marc Leishman,Patrick Cantlay,Charley Hoffman
GLoehr,Lucas Bjerregaard,Tiger Woods,Rickie Fowler,Jordan Spieth,Kevin Kisner,Kevin Na,Brandt Snedeker,Patrick Reed
Puff Caddie,Lucas Bjerregaard,Dustin Johnson,Rory McIlroy,Rickie Fowler,Charley Hoffman,Si Woo Kim,Kevin Kisner,Matt Kuchar
Mike M,Keith Mitchell,Justin Thomas,Rory McIlroy,Dustin Johnson,Matt Kuchar,Si Woo Kim,Charley Hoffman,Keegan Bradley
Conor Kenny,Eddie Pepperell,Bryson DeChambeau,Tommy Fleetwood,Rickie Fowler,Patrick Cantlay,Rafael Cabrera Bello,Gary Woodland,Kevin Na
johnlighty,Eddie Pepperell,Rory McIlroy,Tiger Woods,Dustin Johnson,J.B. Holmes,Patrick Reed,Rafael Cabrera Bello,Keegan Bradley
Grumble69,Matt Wallace,Rory McIlroy,Dustin Johnson,Tommy Fleetwood,Marc Leishman,Matt Kuchar,Kevin Kisner,Li Haotong
Provost 1,Matt Wallace,Paul Casey,Dustin Johnson,Justin Rose,Charles Howell III,Ian Poulter,Gary Woodland,Marc Leishman
ConorKenny2,Matt Wallace,Dustin Johnson,Rory McIlroy,Tiger Woods,Marc Leishman,Brandt Snedeker,Branden Grace,Rafael Cabrera Bello
That's 2 thus far Shooter,Adam Long,Dustin Johnson,Justin Rose,Brooks Koepka,Zach Johnson,Charley Hoffman,Brandt Snedeker,Martin Kaymer
Sully 1,Eddie Pepperell,Tommy Fleetwood,Tony Finau,Jon Rahm,Patrick Cantlay,Kevin Kisner,Jimmy Walker,Henrik Stenson
Sully 2,Matt Wallace,Rory McIlroy,Xander Schauffele,Dustin Johnson,Charley Hoffman,Marc Leishman,Matt Kuchar,Kevin Kisner
Rob Schroeder,Kevin Tway,Rory McIlroy,Tiger Woods,Jordan Spieth,Charley Hoffman,Matt Kuchar,Kevin Kisner,Branden Grace
The Gove Cove,Matt Wallace,Rickie Fowler,Francesco Molinari,Justin Rose,Matt Kuchar,Patrick Reed,Ian Poulter,Kevin Kisner
BrianCummings,Justin Harding,Tommy Fleetwood,Brooks Koepka,Jon Rahm,Charley Hoffman,Marc Leishman,Henrik Stenson,Charles Howell III
Ian Poulter Sucks,Lucas Bjerregaard,Rory McIlroy,Francesco Molinari,Rickie Fowler,Matt Kuchar,J.B. Holmes,Patrick Reed,Marc Leishman
19th Hole,Keith Mitchell,Rickie Fowler,Dustin Johnson,Tiger Woods,Charley Hoffman,Matt Kuchar,Marc Leishman,Kevin Kisner
Mississippi Half-Steps,Eddie Pepperell,Rory McIlroy,Dustin Johnson,Justin Rose,Matt Kuchar,Marc Leishman,Matthew Fitzpatrick,Cameron Smith
Knibb high football,Eddie Pepperell,Bryson DeChambeau,Rory McIlroy,Brooks Koepka,Charley Hoffman,Patrick Cantlay,Si Woo Kim,Alexander Noren
"Yes, michael collins continues to eat shit for breakfast",Eddie Pepperell,Paul Casey,Tommy Fleetwood,Louis Oosthuizen,Charley Hoffman,Kevin Kisner,Brandt Snedeker,Bernhard Langer
Hartwell1,Matt Wallace,Rory McIlroy,Dustin Johnson,Matt Kuchar,Marc Leishman,Patrick Reed,Henrik Stenson,Kevin Kisner
Collins loves white dimpled balls (on his chin!),Lucas Bjerregaard,Tony Finau,Rickie Fowler,Rory McIlroy,Henrik Stenson,Matthew Fitzpatrick,Ian Poulter,Branden Grace
Durnad,Matt Wallace,Rory McIlroy,Rickie Fowler,Justin Rose,Marc Leishman,Matt Kuchar,Ian Poulter,Charley Hoffman
"Collins the peanut butter supposed to go on you, not the dog!!!!!",Andrew Landry,Tiger Woods,Jordan Spieth,Paul Casey,Tyrrell Hatton,Marc Leishman,Matt Kuchar,Kevin Kisner
I Like Big Putts and I Cannot Lie 1,Matt Wallace,Justin Thomas,Dustin Johnson,Rory McIlroy,Patrick Cantlay,Ian Poulter,Li Haotong,Gary Woodland
Bushwood country club,Takumi Kanaya (a),Tommy Fleetwood,Dustin Johnson,Rickie Fowler,Jimmy Walker,Matthew Fitzpatrick,Billy Horschel,Marc Leishman
Hartwell2,Keith Mitchell,Tiger Woods,Rory McIlroy,Jon Rahm,Brandt Snedeker,Tyrrell Hatton,Matt Kuchar,Marc Leishman
Tiger Rahmed her,Kevin Tway,Jon Rahm,Rickie Fowler,Justin Rose,Marc Leishman,Webb Simpson,Matt Kuchar,Charley Hoffman
JTW,Keith Mitchell,Rory McIlroy,Dustin Johnson,Jon Rahm,Patrick Cantlay,Gary Woodland,Matt Kuchar,Patrick Reed
I Like Big Putts and I Cannot Lie,Keith Mitchell,Jon Rahm,Justin Thomas,Rory McIlroy,J.B. Holmes,Si Woo Kim,Matt Kuchar,Kevin Na
Golf!!!,Eddie Pepperell,Justin Rose,Tommy Fleetwood,Dustin Johnson,Brandt Snedeker,Matthew Fitzpatrick,Matt Kuchar,Kevin Kisner
Birdie Law,Shugo Imahira,Rory McIlroy,Bubba Watson,Tiger Woods,Patrick Cantlay,Henrik Stenson,Rafael Cabrera Bello,Ian Poulter
Put me down for a 5,Michael Kim,Bryson DeChambeau,Hideki Matsuyama,Jason Day,Brandt Snedeker,Angel Cabrera,Fred Couples,Zach Johnson
Slice of Life,Adam Long,Tony Finau,Jon Rahm,Jordan Spieth,Marc Leishman,Patrick Reed,Brandt Snedeker,Matt Kuchar
Uncle papi ,Viktor Hovland (a),Justin Rose,Rory McIlroy,Jon Rahm,Emiliano Grillo,Thorbjorn Olesen,Matthew Fitzpatrick,Rafael Cabrera Bello
EZ$$,Eddie Pepperell,Francesco Molinari,Rory McIlroy,Dustin Johnson,Charley Hoffman,Marc Leishman,Patrick Reed,Rafael Cabrera Bello
Guy German,Matt Wallace,Tiger Woods,Rory McIlroy,Justin Rose,Matt Kuchar,Henrik Stenson,Kevin Kisner,Marc Leishman
Robert Anderson,Viktor Hovland (a),Justin Rose,Rory McIlroy,Tommy Fleetwood,Brandt Snedeker,Patrick Cantlay,Li Haotong,Kevin Kisner
J's Squad,Lucas Bjerregaard,Dustin Johnson,Justin Rose,Rory McIlroy,Henrik Stenson,Patrick Reed,Patrick Cantlay,Kevin Kisner
Tots for Tiger,Keith Mitchell,Tiger Woods,Sergio Garcia,Jon Rahm,Keegan Bradley,Kevin Kisner,Patrick Reed,Henrik Stenson
John Donovan,Matt Wallace,Rory McIlroy,Jon Rahm,Francesco Molinari,Cameron Smith,Brandt Snedeker,Kevin Kisner,Marc Leishman
stiefvater1,Keith Mitchell,Tommy Fleetwood,Rickie Fowler,Adam Scott,Cameron Smith,Matt Kuchar,Patton Kizzire,Zach Johnson
stiefvater2,Devon Bling (a),Jason Day,Rory McIlroy,Brooks Koepka,Charley Hoffman,Martin Kaymer,Kevin Na,Henrik Stenson
Get-Left Schrempf,Eddie Pepperell,Dustin Johnson,Rickie Fowler,Justin Thomas,Charley Hoffman,Marc Leishman,Zach Johnson,Charl Schwartzel
JH,Matt Wallace,Tommy Fleetwood,Rickie Fowler,Justin Rose,Charley Hoffman,J.B. Holmes,Patrick Cantlay,Si Woo Kim
Emiliano Grillo Sucks,Lucas Bjerregaard,Rickie Fowler,Rory McIlroy,Tony Finau,Li Haotong,Matt Kuchar,Keith Mitchell,Gary Woodland
Emiliano Grillo REALLY Sucks,Aaron Wise,Francesco Molinari,Tiger Woods,Dustin Johnson,Charley Hoffman,Charles Howell III,Si Woo Kim,Marc Leishman
T and Kris ,Eddie Pepperell,Rickie Fowler,Rory McIlroy,Justin Thomas,Matt Kuchar,Kevin Kisner,Si Woo Kim,Marc Leishman
TheFavorites,Keith Mitchell,Justin Rose,Dustin Johnson,Justin Thomas,Matt Kuchar,Shane Lowry,Patrick Cantlay,Kevin Kisner
Dieter Von Kunth,Matt Wallace,Dustin Johnson,Justin Thomas,Brooks Koepka,Webb Simpson,Ian Poulter,Kevin Kisner,Branden Grace
Colin Molloy 1 ,Eddie Pepperell,Dustin Johnson,Brooks Koepka,Rickie Fowler,Matt Kuchar,Marc Leishman,Patrick Cantlay,Rafael Cabrera Bello
LincolnCummings,Matt Wallace,Dustin Johnson,Tony Finau,Paul Casey,Charles Howell III,Marc Leishman,Tyrrell Hatton,Matt Kuchar
The Dirtbag Convention Champs,Kevin Tway,Justin Rose,Rory McIlroy,Tommy Fleetwood,Shane Lowry,Marc Leishman,Kevin Kisner,Brandt Snedeker
Team Grieger ,Keith Mitchell,Rory McIlroy,Paul Casey,Bryson DeChambeau,Marc Leishman,Charley Hoffman,Brandt Snedeker,Henrik Stenson
william Hartigan,Lucas Bjerregaard,Francesco Molinari,Rory McIlroy,Rickie Fowler,Matt Kuchar,Si Woo Kim,Webb Simpson,Kevin Kisner
Sharper1,Shugo Imahira,Dustin Johnson,Tony Finau,Rickie Fowler,Matt Kuchar,Patrick Cantlay,Charles Howell III,Marc Leishman
william Hartigan 2,Kevin Tway,Tommy Fleetwood,Tiger Woods,Rory McIlroy,Charles Howell III,Ian Poulter,Gary Woodland,Billy Horschel
Mardukie,Viktor Hovland (a),Rory McIlroy,Tiger Woods,Rickie Fowler,Webb Simpson,Kevin Kisner,Brandt Snedeker,Henrik Stenson
Reed Endresen,Eddie Pepperell,Justin Rose,Jon Rahm,Tiger Woods,Matthew Fitzpatrick,Charles Howell III,Charley Hoffman,Kevin Kisner
Augusta Truffledawgs,Keith Mitchell,Dustin Johnson,Jon Rahm,Rickie Fowler,Matt Kuchar,Patrick Reed,Brandt Snedeker,Si Woo Kim
Eldrick ,Eddie Pepperell,Tiger Woods,Dustin Johnson,Paul Casey,Si Woo Kim,Zach Johnson,Patrick Reed,Cameron Smith
Xander zone,Keith Mitchell,Dustin Johnson,Justin Rose,Rory McIlroy,Ian Poulter,Brandt Snedeker,J.B. Holmes,Matt Kuchar
Chris LaCroix 1,Eddie Pepperell,Rory McIlroy,Tony Finau,Justin Rose,Kiradech Aphibarnrat,Keegan Bradley,J.B. Holmes,Branden Grace
Walker Brown 1,Eddie Pepperell,Dustin Johnson,Rory McIlroy,Francesco Molinari,Matt Kuchar,Kevin Kisner,Ian Poulter,Henrik Stenson
Chris LaCroix 2,Aaron Wise,Rory McIlroy,Jordan Spieth,Justin Thomas,Si Woo Kim,Marc Leishman,Brandt Snedeker,Patrick Cantlay
Kyguy's Masters,Matt Wallace,Tiger Woods,Rickie Fowler,Rory McIlroy,Webb Simpson,Matt Kuchar,Patrick Reed,Charley Hoffman
Chris LaCroix 3,Adam Long,Brooks Koepka,Jordan Spieth,Xander Schauffele,Li Haotong,Alexander Noren,Cameron Smith,Si Woo Kim
Carl + Will,Keith Mitchell,Rory McIlroy,Tiger Woods,Hideki Matsuyama,Henrik Stenson,Matt Kuchar,Kevin Na,Patrick Reed
JOB,Lucas Bjerregaard,Tiger Woods,Rory McIlroy,Rickie Fowler,Matt Kuchar,Brandt Snedeker,Webb Simpson,Kevin Kisner
JMZ,Takumi Kanaya (a),Tommy Fleetwood,Rory McIlroy,Justin Thomas,Matt Kuchar,Charles Howell III,Charley Hoffman,Zach Johnson
Josh Begs,Keith Mitchell,Dustin Johnson,Jon Rahm,Rory McIlroy,Charley Hoffman,Matthew Fitzpatrick,Kevin Kisner,Li Haotong
Smylie Eraser,Eddie Pepperell,Rickie Fowler,Brooks Koepka,Justin Thomas,Cameron Smith,Matthew Fitzpatrick,Alexander Noren,Patrick Reed
From the Back,Viktor Hovland (a),Dustin Johnson,Rory McIlroy,Jon Rahm,Charles Howell III,Gary Woodland,Kevin Kisner,Li Haotong
Tin Cup,Lucas Bjerregaard,Dustin Johnson,Tiger Woods,Rory McIlroy,Keegan Bradley,Matt Kuchar,Kevin Kisner,Charley Hoffman
Jared Winston ,Eddie Pepperell,Rory McIlroy,Francesco Molinari,Justin Rose,Kevin Kisner,Matt Kuchar,Si Woo Kim,Charley Hoffman
Walz Street Journal,Matt Wallace,Dustin Johnson,Rory McIlroy,Rickie Fowler,Ian Poulter,Charles Howell III,Kevin Kisner,Marc Leishman
Walz Street Journal #2,Eddie Pepperell,Rory McIlroy,Tiger Woods,Francesco Molinari,Kevin Kisner,Si Woo Kim,Marc Leishman,Matthew Fitzpatrick
Native Area,Keith Mitchell,Tiger Woods,Justin Rose,Justin Thomas,Matt Kuchar,Patrick Cantlay,Marc Leishman,Patrick Reed
Rip It n' Grip It,Andrew Landry,Tommy Fleetwood,Brooks Koepka,Rickie Fowler,Charley Hoffman,Kevin Na,Brandt Snedeker,Patrick Reed
WAR #1,Kevin Tway,Rory McIlroy,Dustin Johnson,Tiger Woods,Patrick Cantlay,Cameron Smith,Kevin Kisner,Henrik Stenson
Bob Barker,Viktor Hovland (a),Tiger Woods,Paul Casey,Rory McIlroy,Henrik Stenson,Marc Leishman,Kevin Kisner,Brandt Snedeker
WAR #2,Lucas Bjerregaard,Dustin Johnson,Jon Rahm,Jordan Spieth,Patrick Cantlay,Cameron Smith,Patrick Reed,Marc Leishman
Lido Flicker,Eddie Pepperell,Paul Casey,Rickie Fowler,Tiger Woods,Ian Poulter,Zach Johnson,Kevin Na,Brandt Snedeker
Wagon #1,Keith Mitchell,Rickie Fowler,Tommy Fleetwood,Francesco Molinari,Brandt Snedeker,Charley Hoffman,Matt Kuchar,Kevin Kisner
T Lee,Eddie Pepperell,Rory McIlroy,Tommy Fleetwood,Justin Thomas,Henrik Stenson,Marc Leishman,Brandt Snedeker,Charley Hoffman
wangstas,Aaron Wise,Rickie Fowler,Sergio Garcia,Dustin Johnson,Charley Hoffman,Danny Willett,Angel Cabrera,Kevin Na
wangstas69,Viktor Hovland (a),Tony Finau,Rory McIlroy,Phil Mickelson,J.B. Holmes,Kevin Kisner,Matt Kuchar,Angel Cabrera
Wagon #2,Eddie Pepperell,Xander Schauffele,Tiger Woods,Justin Rose,Jimmy Walker,Matt Kuchar,Marc Leishman,Matthew Fitzpatrick
Kevin Knoxner,Lucas Bjerregaard,Tiger Woods,Brooks Koepka,Rickie Fowler,Kevin Kisner,Ian Poulter,Henrik Stenson,Webb Simpson
Rock Chalk,Eddie Pepperell,Dustin Johnson,Francesco Molinari,Jordan Spieth,Patrick Reed,Gary Woodland,Marc Leishman,Kevin Kisner
Team Tugboat,Eddie Pepperell,Paul Casey,Justin Rose,Dustin Johnson,Brandt Snedeker,Matt Kuchar,Henrik Stenson,Kevin Na
KMAC,Eddie Pepperell,Rory McIlroy,Dustin Johnson,Xander Schauffele,Matt Kuchar,Cameron Smith,Marc Leishman,Brandt Snedeker
I'm Just Here For The Snacks,Eddie Pepperell,Rory McIlroy,Justin Rose,Bryson DeChambeau,Kevin Kisner,Brandt Snedeker,Matt Kuchar,Marc Leishman
Doyle1,Lucas Bjerregaard,Justin Thomas,Jordan Spieth,Dustin Johnson,Brandt Snedeker,Kevin Kisner,Alexander Noren,Matt Kuchar
No backwards Ks,Keith Mitchell,Rory McIlroy,Dustin Johnson,Tiger Woods,Patrick Reed,Cameron Smith,Lucas Bjerregaard,Matt Kuchar
Hardy 1,Matt Wallace,Dustin Johnson,Paul Casey,Hideki Matsuyama,Cameron Smith,Matt Kuchar,Henrik Stenson,Marc Leishman
MikeC1,Keith Mitchell,Dustin Johnson,Justin Rose,Rickie Fowler,Gary Woodland,Matt Kuchar,Charley Hoffman,Henrik Stenson
Steve Hughes,Kevin Tway,Justin Rose,Xander Schauffele,Justin Thomas,Keegan Bradley,Henrik Stenson,Rafael Cabrera Bello,Martin Kaymer
MikeC2,Keith Mitchell,Dustin Johnson,Tiger Woods,Rory McIlroy,Marc Leishman,Matt Kuchar,Patrick Cantlay,Patrick Reed
MikeCEngland,Eddie Pepperell,Paul Casey,Justin Rose,Tommy Fleetwood,Matthew Fitzpatrick,Matt Kuchar,Charley Hoffman,Charles Howell III
Doyle2,Eddie Pepperell,Rickie Fowler,Rory McIlroy,Tiger Woods,Webb Simpson,Si Woo Kim,Charles Howell III,Kevin Kisner
Hardy 2,Eddie Pepperell,Rickie Fowler,Rory McIlroy,Justin Rose,Matthew Fitzpatrick,Charley Hoffman,J.B. Holmes,Kevin Kisner
BigTex5000,Viktor Hovland (a),Rickie Fowler,Hideki Matsuyama,Jordan Spieth,Mike Weir,Ian Poulter,Fred Couples,Charles Howell III
Bada Bing,Keith Mitchell,Rory McIlroy,Hideki Matsuyama,Cameron Smith,Branden Grace,Patrick Reed,Gary Woodland,Matt Kuchar
Pond Scum II,Lucas Bjerregaard,Dustin Johnson,Brooks Koepka,Rory McIlroy,Cameron Smith,Patrick Cantlay,Brandt Snedeker,Charley Hoffman
A Hamtastic Team,Keith Mitchell,Tiger Woods,Justin Rose,Brooks Koepka,Patrick Cantlay,Patrick Reed,Marc Leishman,Henrik Stenson
NDimeo1,Matt Wallace,Justin Rose,Brooks Koepka,Hideki Matsuyama,Matt Kuchar,Kevin Na,Brandt Snedeker,Emiliano Grillo
Fatrick Reed,Matt Wallace,Jon Rahm,Justin Rose,Rickie Fowler,Matt Kuchar,Patrick Reed,Patrick Cantlay,Marc Leishman
Wasted Potential,Kevin Tway,Tiger Woods,Francesco Molinari,Jon Rahm,Matt Kuchar,Patrick Reed,Webb Simpson,Gary Woodland
MPass,Eddie Pepperell,Rory McIlroy,Brooks Koepka,Rickie Fowler,Matt Kuchar,Patrick Reed,Patrick Cantlay,Gary Woodland
Rendresen,Lucas Bjerregaard,Rory McIlroy,Francesco Molinari,Jon Rahm,Zach Johnson,Matt Kuchar,Ian Poulter,Charles Howell III
We going Perkins,Lucas Bjerregaard,Dustin Johnson,Rory McIlroy,Tommy Fleetwood,Matt Kuchar,Gary Woodland,Rafael Cabrera Bello,Kevin Kisner
Over Achievers,Keith Mitchell,Rory McIlroy,Dustin Johnson,Justin Rose,Branden Grace,Brandt Snedeker,Kevin Kisner,Si Woo Kim
Domo1,Keith Mitchell,Tony Finau,Brooks Koepka,Justin Thomas,Kevin Kisner,Matt Kuchar,Ian Poulter,Patrick Reed
Lucky #24,Matt Wallace,Rory McIlroy,Dustin Johnson,Justin Rose,Matt Kuchar,Cameron Smith,Marc Leishman,Patrick Reed
scully,Keith Mitchell,Dustin Johnson,Brooks Koepka,Rory McIlroy,Brandt Snedeker,Patrick Reed,Ian Poulter,Charles Howell III
Ando’s Commandos III,Eddie Pepperell,Rory McIlroy,Justin Rose,Jordan Spieth,Patrick Reed,Jimmy Walker,Patrick Cantlay,Ian Poulter
Master Marx,Eddie Pepperell,Justin Rose,Rickie Fowler,Rory McIlroy,Charles Howell III,Matt Kuchar,Kevin Kisner,Patrick Reed
The Bears,Eddie Pepperell,Rickie Fowler,Rory McIlroy,Phil Mickelson,Keegan Bradley,Fred Couples,Charley Hoffman,Webb Simpson
Holden 1,Keith Mitchell,Rory McIlroy,Justin Rose,Dustin Johnson,Matt Kuchar,Patrick Cantlay,Gary Woodland,Webb Simpson
L Smith 1,Matt Wallace,Rory McIlroy,Dustin Johnson,Justin Rose,Patrick Reed,Marc Leishman,Matt Kuchar,Kevin Kisner
L Smith 2,Lucas Bjerregaard,Justin Thomas,Paul Casey,Hideki Matsuyama,Ian Poulter,Gary Woodland,Patrick Cantlay,Marc Leishman
Marty Fishman,Matt Wallace,Tommy Fleetwood,Rory McIlroy,Jon Rahm,Patrick Cantlay,Charley Hoffman,Marc Leishman,Brandt Snedeker
UES Scumbags,Viktor Hovland (a),Rory McIlroy,Xander Schauffele,Tony Finau,Lucas Bjerregaard,Marc Leishman,Kevin Kisner,Gary Woodland
BallGOLF ,Shugo Imahira,Rickie Fowler,Jordan Spieth,Rory McIlroy,Matt Kuchar,Charley Hoffman,Si Woo Kim,Keegan Bradley
Hello Friends,Keith Mitchell,Dustin Johnson,Rory McIlroy,Justin Rose,Charley Hoffman,Kevin Kisner,Cameron Smith,Matt Kuchar
Golfersmith,Keith Mitchell,Rickie Fowler,Rory McIlroy,Justin Rose,Charley Hoffman,Kevin Kisner,Marc Leishman,Fred Couples
CB Germany CC,Matt Wallace,Rory McIlroy,Tiger Woods,Dustin Johnson,Matt Kuchar,Gary Woodland,Patrick Reed,Kevin Kisner
Tim McGrady,Michael Kim,Rickie Fowler,Brooks Koepka,Justin Thomas,J.B. Holmes,Webb Simpson,Brandt Snedeker,Si Woo Kim
Mickey's Man Boobs,Keith Mitchell,Rory McIlroy,Jordan Spieth,Justin Thomas,Patrick Reed,Matt Kuchar,Billy Horschel,Ian Poulter
BH Retirement,Eddie Pepperell,Justin Thomas,Rickie Fowler,Rory McIlroy,Webb Simpson,Patrick Reed,Ian Poulter,Jimmy Walker
Chi-Town1,Matt Wallace,Rory McIlroy,Rickie Fowler,Justin Rose,Matt Kuchar,Charley Hoffman,Si Woo Kim,Ian Poulter
grhayes14,Keith Mitchell,Tommy Fleetwood,Hideki Matsuyama,Justin Thomas,Patrick Cantlay,Kevin Kisner,Marc Leishman,Cameron Smith
Snakes 1,Lucas Bjerregaard,Justin Rose,Francesco Molinari,Dustin Johnson,Marc Leishman,Rafael Cabrera Bello,Charley Hoffman,Alexander Noren
Snakes 2,Eddie Pepperell,Tommy Fleetwood,Francesco Molinari,Justin Thomas,Patrick Cantlay,Charley Hoffman,Zach Johnson,Matt Kuchar
Snakes 3,Lucas Bjerregaard,Tommy Fleetwood,Rory McIlroy,Bryson DeChambeau,Alexander Noren,Marc Leishman,Matt Kuchar,Rafael Cabrera Bello
The Sixth Man,Matt Wallace,Rickie Fowler,Bubba Watson,Tony Finau,Patrick Cantlay,Matt Kuchar,Brandt Snedeker,Gary Woodland
Berito,Michael Kim,Justin Rose,Rory McIlroy,Rickie Fowler,Charley Hoffman,Matt Kuchar,Webb Simpson,Ian Poulter
Bradpar,Eddie Pepperell,Tiger Woods,Justin Rose,Rory McIlroy,Matt Kuchar,Marc Leishman,Brandt Snedeker,Gary Woodland
Alps,Lucas Bjerregaard,Jordan Spieth,Brooks Koepka,Rickie Fowler,Patrick Cantlay,Cameron Smith,Gary Woodland,Charley Hoffman
twhitman1,Aaron Wise,Dustin Johnson,Justin Rose,Rory McIlroy,Ian Poulter,Marc Leishman,Gary Woodland,Charles Howell III
Mike Rzeszut,Keith Mitchell,Paul Casey,Justin Thomas,Brooks Koepka,Kevin Kisner,Patrick Reed,Marc Leishman,Matthew Fitzpatrick
twhitman2,Keith Mitchell,Rory McIlroy,Tiger Woods,Brooks Koepka,Charley Hoffman,Charles Howell III,Li Haotong,Henrik Stenson
Nicholas Faust 2,Keith Mitchell,Dustin Johnson,Tiger Woods,Justin Rose,Patrick Cantlay,Marc Leishman,Patrick Reed,Matt Kuchar
Isles in Six,Matt Wallace,Brooks Koepka,Justin Rose,Tommy Fleetwood,Marc Leishman,Matt Kuchar,Henrik Stenson,Patrick Reed
Hannan,Eddie Pepperell,Rory McIlroy,Tiger Woods,Tommy Fleetwood,Kevin Kisner,Patrick Reed,Matthew Fitzpatrick,Rafael Cabrera Bello
No Sleep till Tiger,Lucas Bjerregaard,Rory McIlroy,Justin Rose,Tiger Woods,Kevin Kisner,Matt Kuchar,Patrick Reed,Charley Hoffman
Spencer Small,Eddie Pepperell,Rory McIlroy,Justin Rose,Rickie Fowler,Matt Kuchar,Si Woo Kim,Cameron Smith,Patrick Reed
Sure Shot,Keith Mitchell,Rory McIlroy,Dustin Johnson,Justin Thomas,Kevin Kisner,Marc Leishman,Webb Simpson,Brandt Snedeker
Spencer1,Lucas Bjerregaard,Sergio Garcia,Phil Mickelson,Tiger Woods,Matt Kuchar,Ian Poulter,Keegan Bradley,J.B. Holmes
Capt KO,Keith Mitchell,Jordan Spieth,Dustin Johnson,Tiger Woods,Zach Johnson,Matt Kuchar,Marc Leishman,Patrick Reed
Spencer2,Michael Kim,Brooks Koepka,Dustin Johnson,Rory McIlroy,Kevin Kisner,Charley Hoffman,Angel Cabrera,Matt Kuchar
Spencer3,Lucas Bjerregaard,Rickie Fowler,Tony Finau,Xander Schauffele,Fred Couples,Angel Cabrera,Emiliano Grillo,Kevin Na
Capt KO 2,Andrew Landry,Rory McIlroy,Jon Rahm,Bubba Watson,Patrick Reed,Charley Hoffman,Matt Kuchar,Danny Willett
Frankie Spreads,Keith Mitchell,Rory McIlroy,Rickie Fowler,Justin Rose,Zach Johnson,Matthew Fitzpatrick,Matt Kuchar,Brandt Snedeker
"Hold It Now, Hit It",Eddie Pepperell,Jon Rahm,Rickie Fowler,Francesco Molinari,Matt Kuchar,Patrick Reed,Brandt Snedeker,Branden Grace
T-Fresh,Aaron Wise,Rory McIlroy,Rickie Fowler,Justin Rose,Charley Hoffman,Cameron Smith,Gary Woodland,Brandt Snedeker
aducas,Eddie Pepperell,Tommy Fleetwood,Rory McIlroy,Dustin Johnson,Matt Kuchar,Marc Leishman,Patrick Cantlay,Branden Grace
romo1,Lucas Bjerregaard,Rory McIlroy,Dustin Johnson,Justin Rose,Si Woo Kim,Charley Hoffman,Matt Kuchar,Marc Leishman
Bryantasalmon,Lucas Bjerregaard,Rory McIlroy,Justin Rose,Dustin Johnson,Keegan Bradley,Charley Hoffman,Brandt Snedeker,Ian Poulter
Holden 2,Matt Wallace,Justin Rose,Rory McIlroy,Francesco Molinari,Patrick Cantlay,Matt Kuchar,Charley Hoffman,Gary Woodland
Rahm ham ,Eddie Pepperell,Rory McIlroy,Justin Rose,Dustin Johnson,Ian Poulter,Marc Leishman,Matt Kuchar,Kevin Kisner
romo2,Viktor Hovland (a),Jordan Spieth,Rickie Fowler,Francesco Molinari,Cameron Smith,Webb Simpson,Si Woo Kim,Ian Poulter
Jharm451,Keith Mitchell,Dustin Johnson,Justin Thomas,Tommy Fleetwood,Kevin Kisner,Matt Kuchar,Gary Woodland,Charley Hoffman
Jharm452,Eddie Pepperell,Justin Rose,Rory McIlroy,Jon Rahm,Patrick Cantlay,Charles Howell III,Marc Leishman,Henrik Stenson
romo3,Eddie Pepperell,Paul Casey,Bubba Watson,Louis Oosthuizen,Gary Woodland,Kevin Kisner,Marc Leishman,Matt Kuchar
Holden 3,Keith Mitchell,Dustin Johnson,Justin Rose,Tiger Woods,Patrick Cantlay,Matt Kuchar,Rafael Cabrera Bello,Charley Hoffman
C and T,Keith Mitchell,Rory McIlroy,Dustin Johnson,Justin Rose,Patrick Cantlay,Ian Poulter,Rafael Cabrera Bello,Charles Howell III
Jharm453,Keith Mitchell,Dustin Johnson,Justin Rose,Justin Thomas,Matt Kuchar,Gary Woodland,Patrick Cantlay,Henrik Stenson
Uncle Ronaldo,Keith Mitchell,Justin Rose,Dustin Johnson,Rory McIlroy,Matt Kuchar,Webb Simpson,Ian Poulter,Charley Hoffman
figjam,Viktor Hovland (a),Rickie Fowler,Rory McIlroy,Jon Rahm,Fred Couples,Charles Howell III,Matt Kuchar,Gary Woodland
JKP,Lucas Bjerregaard,Rory McIlroy,Justin Rose,Rickie Fowler,Matt Kuchar,Kevin Kisner,Brandt Snedeker,Charley Hoffman
Bobby Brown,Aaron Wise,Justin Thomas,Justin Rose,Rory McIlroy,Henrik Stenson,Patrick Reed,Matt Kuchar,Brandt Snedeker
Pstrong1,Adam Long,Justin Rose,Francesco Molinari,Justin Thomas,Charley Hoffman,Danny Willett,Brandt Snedeker,Si Woo Kim
T-Money,Eddie Pepperell,Dustin Johnson,Justin Thomas,Jordan Spieth,Marc Leishman,Patrick Cantlay,Charley Hoffman,Matt Kuchar
Buss Down Matsuyama2,Matt Wallace,Tommy Fleetwood,Hideki Matsuyama,Rory McIlroy,Si Woo Kim,Matt Kuchar,Marc Leishman,Patrick Cantlay
Airmike31,Eddie Pepperell,Francesco Molinari,Justin Thomas,Rory McIlroy,Henrik Stenson,Matt Kuchar,Webb Simpson,Marc Leishman
jlamps22,Lucas Bjerregaard,Rory McIlroy,Justin Rose,Dustin Johnson,Marc Leishman,Kevin Kisner,Charles Howell III,Gary Woodland
Ferretti 1,Eddie Pepperell,Rory McIlroy,Paul Casey,Brooks Koepka,Matt Kuchar,Henrik Stenson,Charley Hoffman,Kevin Kisner
Secured DJ's Bag,Matt Wallace,Dustin Johnson,Justin Rose,Justin Thomas,Matt Kuchar,Webb Simpson,Marc Leishman,Matthew Fitzpatrick
Stecko6,Lucas Bjerregaard,Rickie Fowler,Dustin Johnson,Tiger Woods,Matt Kuchar,Kevin Kisner,Henrik Stenson,Marc Leishman
Demu Uno,Matt Wallace,Dustin Johnson,Francesco Molinari,Tony Finau,Matt Kuchar,Brandt Snedeker,Marc Leishman,Cameron Smith
Demu Dos,Keith Mitchell,Bryson DeChambeau,Rickie Fowler,Rory McIlroy,Kevin Kisner,Henrik Stenson,Brandt Snedeker,Patrick Reed
blades of glRory,Aaron Wise,Rory McIlroy,Rickie Fowler,Hideki Matsuyama,Kevin Kisner,Patrick Cantlay,Branden Grace,Charley Hoffman
Thundercock,Lucas Bjerregaard,Justin Thomas,Rory McIlroy,Dustin Johnson,Matt Kuchar,Kevin Kisner,Patrick Reed,Kevin Na
Four Putt King,Eddie Pepperell,Justin Rose,Tommy Fleetwood,Dustin Johnson,Charley Hoffman,Matt Kuchar,Si Woo Kim,Matthew Fitzpatrick
Carl Spackler,Matt Wallace,Rory McIlroy,Dustin Johnson,Justin Rose,Matt Kuchar,Gary Woodland,Marc Leishman,Kevin Kisner
Going Fishing,Eddie Pepperell,Rory McIlroy,Justin Thomas,Justin Rose,Si Woo Kim,Matt Kuchar,Marc Leishman,Ian Poulter
Warepicks1,Matt Wallace,Justin Rose,Rickie Fowler,Jon Rahm,Matt Kuchar,Brandt Snedeker,Charley Hoffman,Marc Leishman
Pinsky picks ,Aaron Wise,Tiger Woods,Dustin Johnson,Jordan Spieth,Tyrrell Hatton,Kevin Kisner,Henrik Stenson,Charley Hoffman
ChrisGibb,Andrew Landry,Rory McIlroy,Tommy Fleetwood,Dustin Johnson,Tyrrell Hatton,Matt Kuchar,Emiliano Grillo,Ian Poulter
Ferretti 2,Aaron Wise,Rory McIlroy,Dustin Johnson,Tommy Fleetwood,Matt Kuchar,Gary Woodland,Marc Leishman,Brandt Snedeker
Bombs Away,Lucas Bjerregaard,Dustin Johnson,Rory McIlroy,Jon Rahm,Charley Hoffman,Matt Kuchar,Patrick Reed,Cameron Smith
Maggie Meats,Eddie Pepperell,Francesco Molinari,Tiger Woods,Justin Rose,Brandt Snedeker,Patrick Reed,Marc Leishman,Patrick Cantlay
Kevin Wooters 1,Eddie Pepperell,Tommy Fleetwood,Rory McIlroy,Justin Thomas,Matthew Fitzpatrick,Si Woo Kim,Alexander Noren,Branden Grace
Operation Varsity Blues,Keith Mitchell,Justin Rose,Jon Rahm,Jordan Spieth,Charley Hoffman,Matt Kuchar,Alexander Noren,Gary Woodland
Neer-1,Matt Wallace,Rory McIlroy,Dustin Johnson,Justin Thomas,Matt Kuchar,Marc Leishman,Patrick Reed,Henrik Stenson
Kevin Wooters 2,Eddie Pepperell,Dustin Johnson,Rickie Fowler,Paul Casey,Kevin Kisner,Patrick Cantlay,Marc Leishman,Alexander Noren
Neer-2,Eddie Pepperell,Rickie Fowler,Francesco Molinari,Tommy Fleetwood,Matt Kuchar,Marc Leishman,Henrik Stenson,Gary Woodland
Prime,Lucas Bjerregaard,Rickie Fowler,Justin Thomas,Jon Rahm,Ian Poulter,Brandt Snedeker,Gary Woodland,Kevin Kisner
Shanks & Yips,Eddie Pepperell,Rickie Fowler,Justin Rose,Jason Day,Charley Hoffman,Matt Kuchar,Marc Leishman,Patrick Cantlay
RyCon13,Eddie Pepperell,Francesco Molinari,Rickie Fowler,Tiger Woods,Ian Poulter,Matt Kuchar,Kevin Na,Kevin Kisner
Kevin Wooters 3,Eddie Pepperell,Francesco Molinari,Rory McIlroy,Jason Day,Matthew Fitzpatrick,Matt Kuchar,Emiliano Grillo,Patrick Reed
Thomas Shelby,Matt Wallace,Jon Rahm,Dustin Johnson,Justin Thomas,Marc Leishman,Danny Willett,Kevin Kisner,Ian Poulter
Cha Cha's Donkey Bombs,Eddie Pepperell,Tiger Woods,Francesco Molinari,Brooks Koepka,Matt Kuchar,Gary Woodland,Jimmy Walker,Marc Leishman
Operation Varsity Greens,Eddie Pepperell,Rory McIlroy,Brooks Koepka,Rickie Fowler,Kevin Kisner,Marc Leishman,Patrick Cantlay,Branden Grace
The_Marathon_Continues,Lucas Bjerregaard,Brooks Koepka,Bryson DeChambeau,Hideki Matsuyama,Gary Woodland,Cameron Smith,Si Woo Kim,Charl Schwartzel
The_Marathon_Continues2,Takumi Kanaya (a),Dustin Johnson,Rory McIlroy,Hideki Matsuyama,Henrik Stenson,Kevin Kisner,Patrick Cantlay,Webb Simpson
Haireballs,Eddie Pepperell,Dustin Johnson,Paul Casey,Jason Day,Marc Leishman,Charley Hoffman,Matt Kuchar,Keegan Bradley
Lock city ,Lucas Bjerregaard,Dustin Johnson,Rickie Fowler,Brooks Koepka,Patrick Reed,Matt Kuchar,Ian Poulter,Charl Schwartzel
Horan,Keith Mitchell,Dustin Johnson,Tiger Woods,Jordan Spieth,Ian Poulter,Marc Leishman,Charley Hoffman,Webb Simpson
The_Marathon_Continues3,Matt Wallace,Justin Thomas,Bubba Watson,Tony Finau,Marc Leishman,Brandt Snedeker,Billy Horschel,Keegan Bradley
dandee 1,Eddie Pepperell,Dustin Johnson,Rory McIlroy,Justin Rose,Matt Kuchar,Kevin Kisner,Cameron Smith,Brandt Snedeker
GHanley,Matt Wallace,Rickie Fowler,Rory McIlroy,Justin Rose,Charles Howell III,Rafael Cabrera Bello,Matt Kuchar,Marc Leishman
Jonas Young-Borra,Eddie Pepperell,Dustin Johnson,Justin Rose,Jordan Spieth,Charley Hoffman,Kevin Kisner,Marc Leishman,Brandt Snedeker
Mastersbater,Lucas Bjerregaard,Rory McIlroy,Justin Rose,Jon Rahm,Kevin Kisner,Matt Kuchar,Si Woo Kim,Marc Leishman
PeteyPaps1,Lucas Bjerregaard,Rory McIlroy,Dustin Johnson,Justin Thomas,Webb Simpson,Marc Leishman,Henrik Stenson,Gary Woodland
dandee 2,Matt Wallace,Rickie Fowler,Tiger Woods,Jason Day,Kevin Kisner,Matt Kuchar,Charley Hoffman,Marc Leishman
Golf Patron Down Under,Matt Wallace,Brooks Koepka,Rory McIlroy,Rickie Fowler,Brandt Snedeker,Marc Leishman,Charles Howell III,Matthew Fitzpatrick
Tollen,Eddie Pepperell,Tony Finau,Justin Rose,Brooks Koepka,J.B. Holmes,Matt Kuchar,Henrik Stenson,Branden Grace
BLT1,Keith Mitchell,Rory McIlroy,Jon Rahm,Justin Rose,Matt Kuchar,Henrik Stenson,Ian Poulter,Patrick Cantlay
TrackMan-Drunk1,Matt Wallace,Jon Rahm,Tiger Woods,Brooks Koepka,Patrick Reed,Rafael Cabrera Bello,Henrik Stenson,Marc Leishman
Peteypaps2,Matt Wallace,Rickie Fowler,Tiger Woods,Justin Rose,Matt Kuchar,Marc Leishman,Vijay Singh,Brandt Snedeker
Mattdeli7,Eddie Pepperell,Rory McIlroy,Dustin Johnson,Francesco Molinari,Webb Simpson,Matt Kuchar,Gary Woodland,Kiradech Aphibarnrat
Mache,Eddie Pepperell,Rory McIlroy,Tiger Woods,Dustin Johnson,Matthew Fitzpatrick,Charley Hoffman,Marc Leishman,Brandt Snedeker
POKEYD90,Eddie Pepperell,Rickie Fowler,Jon Rahm,Xander Schauffele,Si Woo Kim,Marc Leishman,Henrik Stenson,Kevin Kisner
Sween Team,Viktor Hovland (a),Tony Finau,Rory McIlroy,Dustin Johnson,Matt Kuchar,Henrik Stenson,Marc Leishman,Rafael Cabrera Bello
Kip Entry ,Lucas Bjerregaard,Brooks Koepka,Rory McIlroy,Justin Rose,Matt Kuchar,Li Haotong,Brandt Snedeker,Cameron Smith
A girl has no name,Keith Mitchell,Justin Thomas,Rory McIlroy,Jon Rahm,Henrik Stenson,Kevin Kisner,Matthew Fitzpatrick,Cameron Smith
kathleen,Kevin Tway,Rory McIlroy,Justin Rose,Tommy Fleetwood,Matt Kuchar,Webb Simpson,Henrik Stenson,Branden Grace
Scotty Ro,Keith Mitchell,Tommy Fleetwood,Rory McIlroy,Justin Rose,Billy Horschel,Zach Johnson,Charley Hoffman,Keegan Bradley
Scotty Ro 2,Justin Harding,Dustin Johnson,Francesco Molinari,Brooks Koepka,J.B. Holmes,Brandt Snedeker,Thorbjorn Olesen,Keith Mitchell
Mashed Potatos,Matt Wallace,Dustin Johnson,Rory McIlroy,Justin Rose,Marc Leishman,Matt Kuchar,Cameron Smith,Charley Hoffman
jm8891,Keith Mitchell,Tommy Fleetwood,Hideki Matsuyama,Jon Rahm,Gary Woodland,Patrick Cantlay,Marc Leishman,Matt Kuchar
Chris Jim,Lucas Bjerregaard,Paul Casey,Tiger Woods,Rickie Fowler,Matt Kuchar,Marc Leishman,Cameron Smith,Brandt Snedeker
Stein1,Eddie Pepperell,Bubba Watson,Justin Rose,Adam Scott,Matthew Fitzpatrick,Brandt Snedeker,Charley Hoffman,Kevin Kisner
Chris Jim 2,Keith Mitchell,Dustin Johnson,Bubba Watson,Rory McIlroy,Charley Hoffman,Rafael Cabrera Bello,Kevin Kisner,Charles Howell III
Stein2,Keith Mitchell,Tony Finau,Hideki Matsuyama,Tiger Woods,Matthew Fitzpatrick,Marc Leishman,Henrik Stenson,Jimmy Walker
The Olive,Keith Mitchell,Rickie Fowler,Paul Casey,Rory McIlroy,Cameron Smith,Charley Hoffman,Marc Leishman,Branden Grace
Alex 1,Keith Mitchell,Rickie Fowler,Jordan Spieth,Justin Rose,Matt Kuchar,Marc Leishman,Charley Hoffman,Jimmy Walker
Alotta Balata,Shugo Imahira,Tiger Woods,Rickie Fowler,Phil Mickelson,J.B. Holmes,Patrick Cantlay,Charles Howell III,Matt Kuchar
Fleetwood Mac,Matt Wallace,Tommy Fleetwood,Francesco Molinari,Rory McIlroy,Kevin Kisner,Cameron Smith,Brandt Snedeker,Matt Kuchar
Dawgs on Top,Matt Wallace,Dustin Johnson,Rory McIlroy,Justin Rose,Matt Kuchar,Marc Leishman,Kevin Kisner,Henrik Stenson
Alex 2,Keith Mitchell,Rickie Fowler,Jordan Spieth,Rory McIlroy,Matt Kuchar,Charl Schwartzel,Charley Hoffman,Brandt Snedeker
Knockaround Guys,Eddie Pepperell,Justin Rose,Dustin Johnson,Justin Thomas,Matt Kuchar,Marc Leishman,Gary Woodland,Zach Johnson
I Love Pimento on White,Eddie Pepperell,Tommy Fleetwood,Rickie Fowler,Dustin Johnson,Charley Hoffman,Rafael Cabrera Bello,Kevin Kisner,Charles Howell III
"Dude, Where's My Par?",Viktor Hovland (a),Rickie Fowler,Justin Rose,Dustin Johnson,Matt Kuchar,Zach Johnson,Patrick Reed,Keegan Bradley
Knockaround Guys 2,Eddie Pepperell,Dustin Johnson,Rory McIlroy,Brooks Koepka,Brandt Snedeker,Keegan Bradley,Billy Horschel,Kevin Kisner
Knockaround guys 3,Aaron Wise,Rickie Fowler,Paul Casey,Jordan Spieth,Marc Leishman,Charl Schwartzel,J.B. Holmes,Matt Kuchar
Cfduvall,Lucas Bjerregaard,Justin Rose,Justin Thomas,Rory McIlroy,Henrik Stenson,Charley Hoffman,Brandt Snedeker,Matt Kuchar
Bobby Bonilla (real),Matt Wallace,Rory McIlroy,Bryson DeChambeau,Tiger Woods,Lucas Bjerregaard,Brandt Snedeker,Patrick Reed,Keegan Bradley
Apres Golf,Kevin Tway,Rickie Fowler,Rory McIlroy,Phil Mickelson,Cameron Smith,Matt Kuchar,Kevin Kisner,Marc Leishman
Slice’s Shankers ,Eddie Pepperell,Rory McIlroy,Dustin Johnson,Justin Rose,Matt Kuchar,Kevin Kisner,Henrik Stenson,Brandt Snedeker
Andy's Candy,Keith Mitchell,Jon Rahm,Dustin Johnson,Francesco Molinari,Charley Hoffman,Patrick Reed,Kevin Kisner,Matthew Fitzpatrick
Grant Heflin 2,Eddie Pepperell,Rory McIlroy,Justin Rose,Tiger Woods,Kiradech Aphibarnrat,Kevin Kisner,Matt Kuchar,Patrick Reed
Chris Cordtz,Eddie Pepperell,Rory McIlroy,Brooks Koepka,Justin Rose,Kevin Kisner,Matt Kuchar,Si Woo Kim,Patrick Reed
Goulding1,Lucas Bjerregaard,Rickie Fowler,Jon Rahm,Rory McIlroy,Matt Kuchar,Kevin Kisner,Charley Hoffman,Cameron Smith
Team MJournick,Eddie Pepperell,Rory McIlroy,Jon Rahm,Jordan Spieth,Webb Simpson,Charley Hoffman,Patrick Reed,Matt Kuchar
Gaffney 1,Lucas Bjerregaard,Justin Thomas,Paul Casey,Rickie Fowler,Matt Kuchar,Henrik Stenson,Tyrrell Hatton,Kevin Kisner
Mysterious Bill,Viktor Hovland (a),Jordan Spieth,Jason Day,Dustin Johnson,Patrick Reed,Ian Poulter,Henrik Stenson,Corey Conners
WestFest,Keith Mitchell,Tony Finau,Rory McIlroy,Jon Rahm,Marc Leishman,Charley Hoffman,Matt Kuchar,Henrik Stenson
Cento1,Eddie Pepperell,Rory McIlroy,Paul Casey,Justin Thomas,Patrick Cantlay,Marc Leishman,Charley Hoffman,Ian Poulter
Cento2,Matt Wallace,Tiger Woods,Rory McIlroy,Justin Rose,Li Haotong,Patrick Cantlay,Marc Leishman,Matt Kuchar
Brett's Team,Lucas Bjerregaard,Dustin Johnson,Jon Rahm,Justin Rose,Kevin Kisner,Marc Leishman,Ian Poulter,Patrick Reed
Cento3,Keith Mitchell,Dustin Johnson,Rory McIlroy,Justin Rose,Rafael Cabrera Bello,Cameron Smith,Gary Woodland,Keegan Bradley
Lost in Warehouse,Eddie Pepperell,Justin Rose,Dustin Johnson,Jordan Spieth,Charley Hoffman,Kevin Kisner,Matt Kuchar,Gary Woodland
Goulding2,Aaron Wise,Dustin Johnson,Jordan Spieth,Tommy Fleetwood,Matt Kuchar,Gary Woodland,Charles Howell III,Marc Leishman
Kevin MacLachlan,Keith Mitchell,Dustin Johnson,Rory McIlroy,Justin Rose,Marc Leishman,Matt Kuchar,Henrik Stenson,Kevin Kisner
Augusta Eagles,Matt Wallace,Justin Rose,Tommy Fleetwood,Brooks Koepka,Marc Leishman,Matthew Fitzpatrick,Cameron Smith,Branden Grace
Gaffney 2,Eddie Pepperell,Dustin Johnson,Brooks Koepka,Jon Rahm,Kevin Kisner,Charley Hoffman,Patrick Cantlay,Zach Johnson
Chip Shot 1,Matt Wallace,Rory McIlroy,Justin Thomas,Justin Rose,Patrick Cantlay,Ian Poulter,Matt Kuchar,Henrik Stenson
K’s Dream Team,Viktor Hovland (a),Jordan Spieth,Justin Thomas,Rickie Fowler,Matt Kuchar,Jimmy Walker,Kevin Kisner,Henrik Stenson
Cucklord,Keith Mitchell,Dustin Johnson,Rickie Fowler,Tony Finau,Marc Leishman,Alexander Noren,Matt Kuchar,Gary Woodland
Danny Noonan Scholarship Fund ,Eddie Pepperell,Brooks Koepka,Francesco Molinari,Justin Rose,Kevin Kisner,Henrik Stenson,Charley Hoffman,Gary Woodland
Just gave notice,Matt Wallace,Rory McIlroy,Justin Thomas,Tony Finau,Henrik Stenson,Charles Howell III,Keegan Bradley,Brandt Snedeker
Teddy Mudballz,Eddie Pepperell,Hideki Matsuyama,Rickie Fowler,Brooks Koepka,Charley Hoffman,Matthew Fitzpatrick,Fred Couples,Si Woo Kim
MP1027 2,Eddie Pepperell,Brooks Koepka,Tony Finau,Tiger Woods,Fred Couples,Kevin Kisner,Matt Kuchar,Brandt Snedeker
Cuckmaster,Lucas Bjerregaard,Tommy Fleetwood,Brooks Koepka,Jordan Spieth,Patrick Cantlay,Tyrrell Hatton,Si Woo Kim,Keegan Bradley
Cuckprince,Eddie Pepperell,Francesco Molinari,Rory McIlroy,Tiger Woods,Charley Hoffman,Rafael Cabrera Bello,Branden Grace,Alexander Noren
Brendan Hickey,Keith Mitchell,Rory McIlroy,Justin Rose,Brooks Koepka,Matt Kuchar,Kevin Kisner,Marc Leishman,J.B. Holmes
This Ain't No Hobby Fellas,Kevin O&#39;Connell (a),Justin Rose,Jordan Spieth,Adam Scott,Kevin Kisner,Brandt Snedeker,Charley Hoffman,Cameron Smith
Ograpa01,Viktor Hovland (a),Rickie Fowler,Francesco Molinari,Justin Rose,Kevin Kisner,Patrick Cantlay,Branden Grace,Brandt Snedeker
Rileyhub2,Justin Harding,Rory McIlroy,Rickie Fowler,Justin Rose,Matt Kuchar,Zach Johnson,Si Woo Kim,Patrick Reed
Wareitout17,Eddie Pepperell,Justin Rose,Rory McIlroy,Hideki Matsuyama,Charley Hoffman,Charl Schwartzel,Cameron Smith,Branden Grace
Doozer,Lucas Bjerregaard,Jordan Spieth,Justin Thomas,Brooks Koepka,Kevin Kisner,Charles Howell III,Gary Woodland,Matthew Fitzpatrick
The BoucheDags,Matt Wallace,Dustin Johnson,Tiger Woods,Brooks Koepka,Brandt Snedeker,Cameron Smith,Si Woo Kim,Charley Hoffman
Chip Shot 2,Matt Wallace,Tiger Woods,Dustin Johnson,Jon Rahm,Gary Woodland,Webb Simpson,Marc Leishman,Charles Howell III
ograpa02,Keith Mitchell,Jon Rahm,Rickie Fowler,Francesco Molinari,Branden Grace,Patrick Cantlay,Brandt Snedeker,Kevin Kisner
Hole In Juan,Matt Wallace,Rickie Fowler,Francesco Molinari,Jon Rahm,Marc Leishman,Kevin Kisner,Matt Kuchar,Cameron Smith
Margin is in trouble,Matt Wallace,Tommy Fleetwood,Rickie Fowler,Tiger Woods,Patrick Cantlay,Cameron Smith,Zach Johnson,Marc Leishman
The tremendous slouches,Matt Wallace,Hideki Matsuyama,Xander Schauffele,Dustin Johnson,Kevin Kisner,Brandt Snedeker,Cameron Smith,Si Woo Kim
SSchrenk1,Keith Mitchell,Dustin Johnson,Rory McIlroy,Justin Thomas,Matt Kuchar,Kevin Kisner,Charley Hoffman,Patrick Reed
Jack Hayden,Viktor Hovland (a),Rory McIlroy,Justin Rose,Tony Finau,Matt Kuchar,Cameron Smith,Marc Leishman,Li Haotong
RyCon17,Matt Wallace,Dustin Johnson,Brooks Koepka,Justin Rose,Henrik Stenson,Kevin Kisner,Kevin Na,Marc Leishman
McIl-roaring to the green jacket ,Eddie Pepperell,Rory McIlroy,Brooks Koepka,Tommy Fleetwood,Charley Hoffman,Keegan Bradley,Charles Howell III,Patrick Cantlay
The Peaky Blinders,Michael Kim,Dustin Johnson,Francesco Molinari,Tommy Fleetwood,Kevin Kisner,Charley Hoffman,Webb Simpson,Matt Kuchar
Rahmaniacs,Matt Wallace,Justin Thomas,Jon Rahm,Xander Schauffele,Cameron Smith,Webb Simpson,Marc Leishman,Matt Kuchar
Diebler,Lucas Bjerregaard,Rickie Fowler,Dustin Johnson,Jon Rahm,Marc Leishman,Henrik Stenson,Kevin Kisner,Rafael Cabrera Bello
Panic Picks,Viktor Hovland (a),Rory McIlroy,Rickie Fowler,Justin Rose,Patrick Reed,Marc Leishman,Branden Grace,Matt Kuchar
Wetherill,Eddie Pepperell,Tiger Woods,Justin Rose,Rory McIlroy,Patrick Cantlay,Matt Kuchar,Charley Hoffman,Kevin Kisner
Cink of Swim,Lucas Bjerregaard,Justin Thomas,Dustin Johnson,Paul Casey,Zach Johnson,Billy Horschel,Ian Poulter,Shane Lowry
Jack Hayden Dos,Adam Long,Rory McIlroy,Sergio Garcia,Francesco Molinari,Marc Leishman,Gary Woodland,Matt Kuchar,J.B. Holmes
Team Matthews,Matt Wallace,Justin Thomas,Tommy Fleetwood,Hideki Matsuyama,Patrick Cantlay,Kevin Kisner,Marc Leishman,Matt Kuchar
Lee Trevino Disapproves,Eddie Pepperell,Jordan Spieth,Rory McIlroy,Rickie Fowler,Matt Kuchar,Webb Simpson,Gary Woodland,Brandt Snedeker
Aerostar,Keith Mitchell,Rory McIlroy,Justin Rose,Francesco Molinari,Cameron Smith,Patrick Cantlay,Matt Kuchar,Kevin Kisner
Brosen5,Keith Mitchell,Bryson DeChambeau,Phil Mickelson,Rickie Fowler,Patrick Cantlay,Kevin Kisner,Matt Kuchar,Charley Hoffman
Ring Leader,Aaron Wise,Adam Scott,Jordan Spieth,Francesco Molinari,Kevin Kisner,Webb Simpson,Rafael Cabrera Bello,Charley Hoffman
Sschrenk2,Matt Wallace,Rory McIlroy,Justin Rose,Jon Rahm,Charley Hoffman,Patrick Reed,Marc Leishman,Matt Kuchar
Mac Attack,Lucas Bjerregaard,Tiger Woods,Dustin Johnson,Tommy Fleetwood,Kevin Kisner,Charley Hoffman,Matt Kuchar,Henrik Stenson
Sschrenk3,Keith Mitchell,Justin Thomas,Dustin Johnson,Jordan Spieth,Charley Hoffman,Kevin Kisner,Matt Kuchar,Patrick Reed
joeban27,Eddie Pepperell,Rickie Fowler,Rory McIlroy,Hideki Matsuyama,Keegan Bradley,Charl Schwartzel,Henrik Stenson,Kevin Na
EvanSobiesk,Lucas Bjerregaard,Jordan Spieth,Tiger Woods,Rickie Fowler,Cameron Smith,Matthew Fitzpatrick,Matt Kuchar,Patrick Reed
Scott Campbell,Matt Wallace,Rickie Fowler,Brooks Koepka,Jon Rahm,Keegan Bradley,Zach Johnson,Kevin Kisner,Henrik Stenson
Eric / Derwin,Eddie Pepperell,Justin Rose,Rickie Fowler,Justin Thomas,Charley Hoffman,Henrik Stenson,Matthew Fitzpatrick,Patrick Cantlay
Warren Pelissier,Eddie Pepperell,Justin Rose,Rickie Fowler,Dustin Johnson,Billy Horschel,Kevin Kisner,Charley Hoffman,Kevin Na
KPulse,Aaron Wise,Rory McIlroy,Francesco Molinari,Tommy Fleetwood,Marc Leishman,Charley Hoffman,Keegan Bradley,Matt Kuchar
Wayne Myers,Aaron Wise,Rickie Fowler,Tommy Fleetwood,Brooks Koepka,Patrick Reed,Charley Hoffman,Brandt Snedeker,Matt Kuchar
Swinter,Eddie Pepperell,Jordan Spieth,Rory McIlroy,Justin Rose,Matt Kuchar,Patrick Cantlay,Cameron Smith,Henrik Stenson
Ben Calhoon,Matt Wallace,Tiger Woods,Sergio Garcia,Dustin Johnson,Patrick Reed,Marc Leishman,Henrik Stenson,Cameron Smith
Suh Dude,Lucas Bjerregaard,Rory McIlroy,Rickie Fowler,Hideki Matsuyama,Kevin Kisner,Matt Kuchar,Charley Hoffman,Jimmy Walker